Player,GM,KI,MK,HB,GL,BH,HO,TK,FF,FA,%P,,,,
"Crouch, Matt",16,162,44,256,2,3,0,74,19,14,77.1,,,,
"Laird, Rory",17,186,46,203,3,1,0,69,19,20,80.9,,,,
"Smith, Brodie",16,203,58,72,5,6,0,38,7,10,79.4,,,,
"Keays, Ben",16,147,47,118,3,5,0,53,9,14,86.3,,,,
"Crouch, Brad",12,136,20,128,2,1,0,45,15,14,74.4,,,,
"OBrien, Reilly",17,107,64,125,0,3,463,68,19,16,88.1,,,,
"Lynch, Tom",13,144,53,78,6,5,0,13,7,6,81.1,,,,
"Brown, Luke",17,141,46,56,0,1,0,35,13,9,84.7,,,,
"Sloane, Rory",12,92,15,97,5,3,0,49,16,11,76.8,,,,
"Mackay, David",10,73,25,82,2,2,0,16,3,7,81.0,,,,
"Seedsman, Paul",9,79,24,65,4,5,0,28,7,5,86.9,,,,
"Doedee, Tom",9,75,47,54,0,0,0,15,6,3,83.6,,,,
"Kelly, Jake",15,86,44,39,0,0,0,38,10,11,87.7,,,,
"Talia, Daniel",14,83,47,41,0,0,0,15,10,9,90.8,,,,
"Jones, Chayce",15,64,22,58,6,1,0,28,14,15,80.1,,,,
"McAdam, Shane",13,79,47,43,12,12,0,38,11,9,77.0,,,,
"Stengle, Tyson",12,66,20,51,8,9,0,25,6,11,79.1,,,,
"McPherson, Andrew",9,56,25,58,0,0,0,15,6,2,72.9,,,,
"Hartigan, Kyle",12,68,37,43,0,0,0,18,8,8,89.7,,,,
"Murphy, Lachlan",12,57,17,54,7,8,0,38,14,7,79.6,,,,
"Himmelberg, Elliott",11,58,33,48,9,10,36,20,11,3,83.9,,,,
"Sholl, Lachlan",8,72,24,33,2,1,0,7,5,2,83.3,,,,
"Walker, Taylor",14,74,36,31,15,9,5,14,10,8,86.1,,,,
"Schoenberg, Harry",8,40,11,54,3,0,0,15,3,4,76.1,,,,
"Fogarty, Darcy",10,41,19,33,8,1,2,22,11,10,85.0,,,,
"McHenry, Ned",8,31,17,43,0,4,0,23,10,12,80.3,,,,
"Hamill, Will",8,33,15,35,0,0,0,14,8,7,62.9,,,,
"McAsey, Fischer",10,35,21,29,0,2,0,12,4,2,85.5,,,,
"Crocker, Ben",7,45,22,10,4,5,0,17,7,1,83.6,,,,
"Poholke, Myles",5,29,15,23,2,1,0,12,1,5,78.8,,,,
"Gibbs, Bryce",3,25,9,21,0,1,0,3,1,4,79.3,,,,
"Frampton, Billy",5,22,17,18,5,1,20,5,2,8,86.2,,,,
"Atkins, Rory",4,20,4,17,2,0,0,8,1,3,68.0,,,,
"Milera, Wayne",2,17,7,13,0,0,0,2,0,1,82.0,,,,
"Butts, Jordon",2,8,5,6,0,0,0,2,1,1,88.0,,,,
"Davis, Ben",1,4,2,1,1,0,0,2,3,0,85.0,,,,
"Strachan, Kieran",1,1, ,3,0,0,10,4,2,2,78.0,,,,
"Knight, Riley",1,2,1,1,0,0,0,5,0,2,77.0,,,,
"Neale, Lachie",19,249,80,262,14,13,0,59,21,12,92.3,,,,
"Lyons, Jarryd",19,255,64,156,4,10,0,77,22,12,83.5,,,,
"McCluggage, Hugh",19,219,70,136,8,21,0,52,13,6,84.7,,,,
"Zorko, Dayne",17,222,65,64,9,15,0,75,20,20,80.3,,,,
"Berry, Jarrod",17,155,70,116,7,10,0,64,20,21,77.5,,,,
"Robinson, Mitch",19,182,66,79,5,3,0,44,16,16,79.3,,,,
"Rich, Daniel",15,218,74,38,4,2,0,19,9,5,81.8,,,,
"Bailey, Zac",19,166,76,89,13,9,0,47,11,19,78.1,,,,
"Ah Chee, Callum",18,138,63,69,3,4,0,52,9,14,81.7,,,,
"Birchall, Grant",16,150,69,53,0,0,0,16,6,4,72.4,,,,
"Gardiner, Darcy",18,139,71,60,0,0,0,25,9,20,95.1,,,,
"Hipwood, Eric",19,147,79,40,24,19,0,17,13,17,92.0,,,,
"Cameron, Charlie",19,139,64,38,31,22,0,42,20,17,87.5,,,,
"Lester, Ryan",15,107,62,70,0,1,0,35,7,10,88.1,,,,
"Andrews, Harris",16,113,71,58,0,0,0,17,14,8,95.4,,,,
"Starcevich, Brandon",18,125,57,43,1,2,0,29,10,9,78.2,,,,
"Rayner, Cam",17,85,51,82,17,7,0,54,12,11,78.5,,,,
"McInerney, Oscar",19,91,33,75,6,4,363,57,19,13,79.4,,,,
"McCarthy, Lincoln",17,89,40,76,15,15,0,53,14,11,80.3,,,,
"McStay, Daniel",17,80,54,45,11,6,7,27,9,8,89.3,,,,
"Witherden, Alex",6,92,39,23,0,0,0,7,6,2,81.7,,,,
"Ellis-Yolmen, Cam",9,50,18,48,3,2, ,21,5,6,66.2,,,,
"Answerth, Noah",9,71,25,24,0,0,0,17,3,3,84.2,,,,
"Martin, Stefan",8,37,8,21,1,1,137,19,8,9,60.3,,,,
"Coleman, Keidean",5,25,9,17,2,1,0,23,3,9,78.2,,,,
"Berry, Tom",6,16,10,25,0,2,0,12,2,4,71.5,,,,
"Payne, Jack",5,28,20,11,0,0,0,4,1,4,87.8,,,,
"Smith, Archie",5,9,2,18,0,0,56,5,3,5,50.4,,,,
"Skinner, Sam",2,12,13,5,1,2,1,2,0,1,75.5,,,,
"Mathieson, Rhys",1,8,5,6,0,0,0,2,2,0,81.0,,,,
"Hinge, Mitch",1,10,2,3,0,0,0,3,0,0,83.0,,,,
"Ballenden, Connor",2,5,5,4,1,1,5,1,1,1,71.5,,,,
"Fullarton, Tom",2,5,1,4,1,3,0,2,1, ,40.0,,,,
"Robertson, Deven",1,3, ,4,0,0,0,3,0,1,68.0,,,,
"Adams, Marcus",1,2,1,3,0,0,0,0,0,1,85.0,,,,
"Eagles, Matt",2,2,0,0,0,0,15,4,0,1,46.0,,,,
"Walsh, Sam",17,193,73,156,8,4,0,47,7,14,84.5,,,,
"Cripps, Patrick",17,152,40,182,7,11,0,81,38,25,85.4,,,,
"Curnow, Ed",17,212,42,108,4,3,0,88,13,18,87.6,,,,
"Murphy, Marc",17,178,63,135,4,7,0,37,11,18,81.6,,,,
"Docherty, Sam",16,216,83,82,0,1,0,19,15,6,82.4,,,,
"Simpson, Kade",17,201,66,63,1,0,0,19,11,7,82.5,,,,
"Setterfield, Will",16,146,29,97,4,1,0,83,18,8,78.8,,,,
"Newnes, Jack",17,139,53,83,13,4,0,44,7,11,80.2,,,,
"Petrevski-Seton, Sam",16,155,49,62,0,0,0,36,10,8,78.5,,,,
"Gibbons, Michael",15,144,51,63,11,6,0,42,10,14,80.5,,,,
"Martin, Jack",15,115,64,88,12,11,0,48,16,16,75.7,,,,
"Weitering, Jacob",17,146,74,42,0,1,0,17,13,13,96.6,,,,
"Plowman, Lachie",16,116,54,47,0,2,0,30,11,9,92.4,,,,
"Williamson, Tom",15,103,48,55,1,1,0,28,11,9,75.1,,,,
"Casboult, Levi",17,112,80,40,16,8,86,31,9,22,88.6,,,,
"Cuningham, David",12,72,32,66,6,6,0,33,5,6,75.8,,,,
"Jones, Liam",17,111,72,24,0,2,0,24,9,15,95.1,,,,
"Betts, Eddie",15,89,24,44,13,13,0,41,8,8,84.4,,,,
"Kennedy, Matthew",7,63,26,50,2,1,0,20,5,2,68.9,,,,
"Pittonet, Marc",13,59,23,50,0,3,292,25,15,15,79.2,,,,
"Fisher, Zac",8,57,13,50,6,2,0,20,3,1,75.5,,,,
"McKay, Harry",13,76,57,21,21,15,0,20,14,17,87.8,,,,
"McGovern, Mitch",12,70,39,18,9,2,3,22,9,7,76.4,,,,
"De Koning, Tom",7,26,10,28,0,2,87,16,3,9,77.6,,,,
"Cottrell, Matthew",5,44,8,9,2,0,0,4,3,0,74.4,,,,
"Dow, Paddy",3,12,6,15,1,2,0,3,2,1,68.3,,,,
"Polson, Cameron",3,16,3,8,0,1,0,3,2,2,76.3,,,,
"Silvagni, Jack",3,12,5,4,2,2,0,2,2,0,55.0,,,,
"Newman, Nic",2,13,4,2,0,0,0,2,1,2,45.0,,,,
"Philp, Sam",2,8,1,6,1,1,0,3,1,1,69.0,,,,
"OBrien, Lochie",1,5,2,2,1,0,0,2,0,1,67.0,,,,
"Moore, Callum",2,2,2,4,0,0,3,4,0,3,72.5,,,,
"Owies, Matthew",1,3,1,2,0,0,0,1,0,2,68.0,,,,
"Honey, Josh",1,3,2,1,0,1,0,1,0,0,63.0,,,,
"Lang, Darcy",1,2,0,2,1,1,0,2,0,0,71.0,,,,
"Kreuzer, Matthew",1,0,1,1,0,0,7,1,0,0,21.0,,,,
,,,,,,,,,,,,,,,
,,,,,,,,,,,,,,,
,,,,,,,,,,,,,,,
"Adams, Taylor",19,245,63,186,9,2,0,103,29,23,79.7,,,,
"Crisp, Jack",19,220,91,143,2,2,0,58,15,11,87.2,,,,
"Pendlebury, Scott",15,175,38,179,1,2,1,45,19,3,83.5,,,,
"Maynard, Brayden",19,254,78,95,0,1,0,47,17,18,86.0,,,,
"Daicos, Josh",18,169,68,143,10,3,0,42,18,8,84.6,,,,
"Noble, John",17,161,56,116,2,0,0,29,14,10,81.4,,,,
"Grundy, Brodie",19,105,57,168,3,3,593,68,43,28,84.5,,,,
"Treloar, Adam",10,122,19,147,1,4,0,30,8,8,75.6,,,,
"Phillips, Tom",15,141,46,104,5,7,0,35,16,4,85.5,,,,
"Moore, Darcy",18,146,87,92,0,0,0,14,13,11,91.9,,,,
"Elliott, Jamie",18,141,51,86,10,10,0,57,7,12,75.4,,,,
"Sidebottom, Steele",9,112,33,101,5,3,0,38,8,4,87.8,,,,
"Mayne, Chris",14,89,50,116, ,2,0,38,8,8,80.6,,,,
"Hoskin-Elliott, Will",18,123,85,72,11,8,0,17,7,7,80.6,,,,
"Brown, Callum",14,69,24,109,6,2,0,29,11,7,76.1,,,,
"Mihocek, Brody",18,110,68,48,25,9,0,33,12,17,85.4,,,,
"Roughead, Jordan",17,90,64,67,0,0,0,18,10,4,93.1,,,,
"Madgen, Jack",13,85,46,70,0,0,0,22,9,2,80.6,,,,
"Quaynor, Isaac",11,74,33,74,0,0,0,25,5,1,81.3,,,,
"Thomas, Josh",14,70,26,78,4,4,0,28,3,9,76.5,,,,
"de Goey, Jordan",10,86,26,49,14,12,0,12,6,4,87.0,,,,
"Stephenson, Jaidyn",14,85,47,47,14,10,0,25,4,9,84.8,,,,
"Wills, Rupert",8,43,10,82,0,0,0,38,8,9,61.9,,,,
"Brown, Tyler",9,45,14,61,2, ,0,13,1,3,69.4,,,,
"Varcoe, Travis",9,54,21,42,1,2,0,15,0,2,78.4,,,,
"Howe, Jeremy",4,66,26,20,0,0,0,8,3,3,92.0,,,,
"Cameron, Darcy",10,46,36,30,4,2,57,14,9,7,74.5,,,,
"Greenwood, Levi",6,37,8,33,1,0,0,19,2,1,74.8,,,,
"Cox, Mason",11,38,35,31,14,2,34,6,12,5,84.8,,,,
"Sier, Brayden",3,14,4,38,1,1,0,10,1,6,74.7,,,,
"Scharenberg, Matt",3,25,12,15,0,0,0,8,1,1,83.7,,,,
"Ruscoe, Trey",4,17,5,6,5,4,0,3,1,1,68.3,,,,
"Bosenavulagi, Atu",3,9,6,12,0,0,0,5,2,3,62.7,,,,
"Dunn, Lynden",2,12,5,6,1,0,0,3,1,1,92.5,,,,
"Reid, Ben",2,7,3,4,3,0,1,1,3,1,72.0,,,,
"Appleby, Flynn",1,4,1,5,1,2,0,2,2,1,80.0,,,,
"Broomhead, Tim",1,2, ,5,0,0,0,2,1,1,79.0,,,,
"Keane, Mark",1,5,1,2,0,0,0,2,0,1,79.0,,,,
"Kelly, Will",1,4,2,1,1,1,0,0,0,1,71.0,,,,
"Lynch, Max",1,1,0,1,0,0,2,5,0,1,58.0,,,,
"Merrett, Zach",16,221,69,199,2,2,0,55,15,12,82.4,,,,
"Shiel, Dylan",15,188,38,159,4,6,0,52,18,9,79.8,,,,
"Parish, Darcy",17,146,27,180,7,4,0,52,5,9,78.1,,,,
"Saad, Adam",17,202,49,119,2,1,0,34,10,8,83.2,,,,
"McGrath, Andrew",14,149,22,161,0,1,0,67,14,12,79.7,,,,
"Ridley, Jordan",17,211,110,93,0,2,0,20,10,8,90.9,,,,
"Smith, Devon",16,158,40,133,7,7,0,61,15,12,84.8,,,,
"Langford, Kyle",16,146,65,142,11,9,0,30,9,8,83.3,,,,
"Snelling, Will",17,71,29,151,5,2,0,79,14,12,85.1,,,,
"Hurley, Michael",14,154,86,66,0,0,0,5,9,12,92.9,,,,
"Redman, Mason",13,94,41,65,1,1,0,22,6,11,79.7,,,,
"McDonald-Tipungwuti, Anthony",17,86,35,61,19,7,0,57,8,16,83.2,,,,
"Zaharakis, David",10,63,24,79,9,4,0,20,1,3,81.9,,,,
"Gleeson, Martin",13,75,40,65,0,0,0,17,2,8,82.3,,,,
"Guelfi, Matt",11,72,37,67,0,0,0,18,5,8,80.4,,,,
"Cutler, Tom",8,66,25,44,2,5,0,10,5,6,85.0,,,,
"Ham, Brayden",10,67,28,32,1,1,0,13,1,2,79.6,,,,
"Hooker, Cale",8,43,37,46,3,3,0,6,4,5,90.4,,,,
"Zerk-Thatcher, Brandon",10,46,30,36,0,2,0,8,5,5,88.1,,,,
"Clarke, Dylan",8,31,17,50,4,0,0,19,7,5,75.4,,,,
"McKenna, Conor",6,55,18,25,1,0,0,10,2,2,83.2,,,,
"Francis, Aaron",8,44,27,35,0,0,0,14,5,4,76.9,,,,
"Stewart, James",10,50,33,25,11,4,10,10,6,8,78.6,,,,
"Townsend, Jacob",12,53,22,22,9,5,0,32,12,18,72.8,,,,
"Stringer, Jake",10,57,18,16,15,7,0,19,7,8,81.5,,,,
"McKernan, Shaun",9,48,31,24,5,6,41,11,4,18,78.0,,,,
"Hibberd, Mitchell",5,31,7,38,0,2, ,23,3,6,79.8,,,,
"Draper, Sam",8,46,15,20,1,3,148,15,10,15,80.8,,,,
"Fantasia, Orazio",5,27,15,22,1,0,0,6,2,2,78.8,,,,
"Laverde, Jayden",6,30,20,16,6,3,0,15,3,6,66.7,,,,
"Bellchambers, Tom",7,30,10,11,1,0,139,10,9,7,81.3,,,,
"Heppell, Dyson",3,15,4,25,1,1,0,3,4,2,78.0,,,,
"Daniher, Joe",4,31,25,7,3,6,2,1,4,8,84.0,,,,
"Phillips, Andrew",5,17,8,18,0,1,107,13,5,10,82.2,,,,
"Mosquito, Irving",4,15,9,17,2,4,0,7,1,2,65.3,,,,
"Cahill, Ned",3,8,4,9,2,2,0,3,1,2,77.0,,,,
"Mutch, Kobe",1,5,4,6,0,0,0,0,0,1,78.0,,,,
"Begley, Josh",1,3,2,2,1,0,0,4,1,1,84.0,,,,
,,,,,,,,,,,,,,,
,,,,,,,,,,,,,,,
,,,,,,,,,,,,,,,
"Brayshaw, Andrew",17,147,49,191,0,3,0,83,18,8,75.4,,,,
"Ryan, Luke",17,251,88,65,0,0,0,20,11,13,91.7,,,,
"Fyfe, Nat",14,130,43,170,10,6,0,42,19,18,82.1,,,,
"Cerra, Adam",17,143,51,152,2,3,0,64,17,17,79.8,,,,
"Mundy, David",16,131,33,159,4,1,0,59,7,9,71.0,,,,
"Aish, James",16,162,63,103,0,2,0,25,14,4,83.0,,,,
"Walters, Michael",14,145,44,102,15,7,0,40,26,10,87.8,,,,
"Serong, Caleb",14,127,32,109,2,1,0,58,11,6,70.1,,,,
"Hughes, Ethan",17,140,79,77,0,0,0,20,11,9,84.2,,,,
"Wilson, Nathan",15,153,50,52,1,1,0,14,9,3,82.0,,,,
"Conca, Reece",14,140,48,59,0,0,0,38,9,13,84.3,,,,
"Bewley, Brett",12,100,40,74,5,0,0,21,6,1,83.8,,,,
"Lobb, Rory",17,116,63,57,10,6,156,24,15,6,97.2,,,,
"Duman, Taylin",15,113,46,58,0,0,0,29,10,8,80.4,,,,
"Schultz, Lachie",17,109,61,60,12,7,0,43,15,13,80.9,,,,
"Taberner, Matthew",16,129,92,37,29,13,8,8,10,12,98.0,,,,
"Hill, Stephen",12,96,40,61,0,0,0,21,7,6,81.1,,,,
"Cox, Brennan",13,83,51,65,0,0,0,11,10,7,90.5,,,,
"Acres, Blake",7,75,40,59,0,0,0,19,3,7,83.0,,,,
"Darcy, Sean",15,42,25,92,5,6,330,26,7,29,77.7,,,,
"Tucker, Darcy",8,68,21,44,4,2,0,26,7,8,69.9,,,,
"Crowden, Mitch",10,50,15,34,6,1,0,47,4,10,77.7,,,,
"Colyer, Travis",9,54,16,26,3,2,0,9,0,3,71.7,,,,
"Frederick, Michael",10,41,18,39,4,6,0,8,4,5,74.4,,,,
"Blakely, Connor",5,26,12,49,0,0,0,12,5,3,58.6,,,,
"Hogan, Jesse",7,41,37,30,5,4,0,4,3,2,93.7,,,,
"Young, Hayden",5,33,16,17,0,0,0,7,2,1,62.8,,,,
"Logue, Griffin",5,22,12,27,0,0,0,5,3,1,98.2,,,,
"Banfield, Bailey",5,26,8,21,2,0,0,18,8,3,81.8,,,,
"Matera, Brandon",5,25,8,6,3,3,0,12,4,3,78.0,,,,
"Watson, Tobe",3,21,12,9,0,0,0,7,1,0,81.3,,,,
"Sturt, Sam",3,12,7,11,4,0,0,3,2,0,74.0,,,,
"Henry, Liam",3,16,8,6,1,3,0,4,1,0,72.3,,,,
"McCarthy, Cam",1,8,3,3,0,1,0,1,1,0,69.0,,,,
,,,,,,,,,,,,,,,
,,,,,,,,,,,,,,,
,,,,,,,,,,,,,,,
"Guthrie, Cameron",21,225,95,222,7,2,0,86,17,18,73.6,,,,
"Menegola, Sam",21,261,118,184,16,5,0,32,3,14,84.0,,,,
"Dangerfield, Patrick",21,280,78,156,17,17,0,55,34,27,85.1,,,,
"Duncan, Mitch",20,262,123,145,13,8,0,68,13,14,78.5,,,,
"Stewart, Tom",18,263,125,81,0,1,0,23,4,12,79.1,,,,
"Tuohy, Zach",19,234,74,82,8,8,0,17,6,7,83.5,,,,
"Miers, Gryan",21,188,93,97,19,6,0,33,12,8,87.9,,,,
"Parfitt, Brandan",18,148,31,131,8,6,0,107,13,21,71.3,,,,
"Blicavs, Mark",21,132,70,131,3,1,181,59,22,22,87.0,,,,
"Hawkins, Tom",21,172,114,87,49,36,45,40,7,18,95.6,,,,
"Selwood, Joel",15,138,37,120,4,4,0,63,20,20,73.3,,,,
"OConnor, Mark",21,158,87,80,2,0,0,31,11,11,88.4,,,,
"Bews, Jed",20,146,65,72,3,2,0,35,12,10,85.9,,,,
"Dahlhaus, Luke",16,89,44,127,7,0,0,37,7,5,75.4,,,,
"Henry, Jack",21,157,82,48,1,0,0,35,7,19,83.5,,,,
"Taylor, Harry",19,113,61,73,1,0,0,27,13,10,88.1,,,,
"Henderson, Lachie",14,137,90,46,1,0,0,17,3,13,93.5,,,,
"Ablett, Gary",12,97,24,82,9,8,0,27,5,10,82.4,,,,
"Kolodjashnij, Jake",17,125,77,52,0,3,0,25,2,11,88.7,,,,
"Rohan, Gary",19,123,61,41,22,17,0,36,15,9,83.2,,,,
"Steven, Jack",9,84,33,64,1,2,0,35,12,6,68.3,,,,
"Stanley, Rhys",11,72,32,68,10,5,212,14,12,12,79.6,,,,
"Simpson, Sam",9,60,23,65,3,2,0,28,7,8,74.2,,,,
"Atkins, Tom",12,43,11,74,4,1,0,38,5,6,74.6,,,,
"Ratugolea, Esava",12,60,32,44,5,5,73,30,14,8,78.8,,,,
"Fogarty, Lachie",6,52,17,29,1,1,0,19,10,3,74.5,,,,
"Close, Brad",8,29,13,41,2,2,0,24,8,1,76.5,,,,
"Narkle, Quinton",5,27,9,30,0,1,0,18,4,4,57.4,,,,
"Fort, Darcy",5,31,9,16,1,0,107,9,3,13,81.4,,,,
"Clark, Jordan",3,24,12,14,1,1,0,9,1,4,70.0,,,,
"Constable, Charlie",2,13,4,22,0,1,0,8,2,2,58.0,,,,
"Guthrie, Zach",3,22,7,10,2,0,0,2,2,3,82.3,,,,
"Jenkins, Josh",1,8,3,6,0,0,0,4,1,0,87.0,,,,
"Jarvis, Ben",1,3,3,2,0,1,0,1,0,0,60.0,,,,
,,,,,,,,,,,,,,,
,,,,,,,,,,,,,,,
,,,,,,,,,,,,,,,
"Miller, Touk",17,177,50,163,3,4,0,88,31,14,82.4,,,,
"Greenwood, Hugh",17,173,27,130,3,4,3,117,16,18,77.1,,,,
"Ellis, Brandon",16,194,68,99,5,3,0,42,13,13,86.4,,,,
"Bowes, Jack",17,195,69,95,1,0,0,30,5,10,82.6,,,,
"Weller, Lachie",17,161,39,126,12,3,0,48,13,9,82.6,,,,
"Anderson, Noah",17,159,48,122,4,4,0,32,10,10,76.1,,,,
"Lukosius, Jack",17,219,62,59,3,3,0,27,8,13,82.8,,,,
"Swallow, David",15,154,54,116,4,10,0,59,8,21,78.2,,,,
"Ainsworth, Ben",16,147,70,80,12,13,0,27,15,9,82.2,,,,
"Powell, Wil",15,102,50,95,2,0,0,25,7,6,76.7,,,,
"Collins, Sam",17,107,74,68,0,0,0,27,18,6,97.6,,,,
"Witts, Jarrod",17,98,37,73,0,3,477,28,18,21,85.8,,,,
"Harbrow, Jarrod",13,118,40,43,0,0,0,13,6,12,83.5,,,,
"Ballard, Charlie",16,114,68,44,0,0,0,13,7,9,92.4,,,,
"Day, Sam",17,68,47,79,12,7,54,21,9,16,77.6,,,,
"Budarick, Connor",15,92,35,46,1,0,0,25,9,9,83.4,,,,
"Macpherson, Darcy",12,80,26,58,4,0,0,33,11,8,78.1,,,,
"Rankine, Izak",12,90,26,48,12,17,0,21,12,15,82.5,,,,
"Sexton, Alex",14,103,44,28,19,12,0,22,7,8,83.6,,,,
"Holman, Nick",12,48,27,73,2,0,0,41,6,11,82.6,,,,
"King, Ben",17,88,48,33,25,20,0,7,12,10,92.5,,,,
"Hanley, Pearce",8,67,30,26,0,1,0,12,4,8,74.9,,,,
"Rowell, Matt",5,38,4,49,6,0,0,26,8,6,63.8,,,,
"Fiorini, Brayden",5,45,18,20,2,0,0,9,2,0,72.2,,,,
"Corbett, Josh",7,45,31,17,3,6,0,7,8,7,79.0,,,,
"Graham, Caleb",7,36,25,14,0,0,0,2,2,7,84.9,,,,
"Lemmens, Sean",6,29,7,19,4,0,0,9,2,2,57.3,,,,
"Flanders, Sam",5,17,4,14,2,1,0,14,2,2,69.6,,,,
"Sharp, Jeremy",2,10,4,9,0,0,0,0,1,0,65.0,,,,
"Brodie, Will",1,4,3,10,0,0,0,1,0,0,67.0,,,,
"Joyce, Jesse",1,9,3,5,0,0,0,1,0,0,74.0,,,,
"Farrar, Jy",1,3,2,3,1,0,0,1,0,0,60.0,,,,
,,,,,,,,,,,,,,,
,,,,,,,,,,,,,,,
,,,,,,,,,,,,,,,
"Whitfield, Lachie",17,224,111,166,1,2,0,34,15,12,86.0,,,,
"Coniglio, Stephen",16,196,44,141,5,8,0,62,17,19,87.4,,,,
"Hopper, Jacob",17,159,40,168,1,7,0,71,22,18,75.6,,,,
"Kelly, Josh",14,177,42,132,5,8,0,58,16,8,85.5,,,,
"Perryman, Harry",16,170,61,124,11,2,0,32,10,8,82.3,,,,700
"Haynes, Nick",17,208,121,64,0,0,0,23,13,7,88.9,,,,
"Taranto, Tim",11,132,30,80,4,3,0,45,11,12,83.7,,,,
"Shaw, Heath",17,162,78,47,3,1,0,38,7,16,87.9,,,,
"Greene, Toby",13,122,52,84,17,11,0,19,8,11,84.0,,,,
"Daniels, Brent",16,100,31,94,5,8,0,42,7,11,80.4,,,,
"Williams, Zac",11,136,38,50,2,2,0,25,7,7,74.9,,,,
"Corr, Aidan",15,143,59,37,0,1,0,22,4,6,80.5,,,,
"Cameron, Jeremy",17,121,67,55,24,13,0,24,15,25,90.0,,,,
"de Boer, Matt",13,58,20,95,2,0,0,46,21,20,81.8,,,,
"Himmelberg, Harry",16,96,43,57,15,4,14,27,14,15,86.0,,,,
"Ash, Lachie",12,79,31,57,1,0,0,22,5,5,80.9,,,,
"Finlayson, Jeremy",15,102,38,21,19,10,44,35,10,10,79.1,,,,
"Lloyd, Daniel",12,74,38,49,7,0,0,28,4,9,74.8,,,,
"Keeffe, Lachlan",13,66,47,50,0,0,0,11,4,6,91.1,,,,
"Caldwell, Jye",9,56,27,58,1,2,0,33,4,7,68.2,,,,
"Ward, Callan",7,56,16,48,3,1,1,11,7,4,73.3,,,,
"Green, Tom",6,31,15,60,1,3,0,14,2,3,66.3,,,,
"Davis, Phil",10,42,37,42,0,0,0,12,9,6,83.5,,,,
"Hately, Jackson",6,47,28,35,0,0,0,14,2,2,76.5,,,,
"Mumford, Shane",10,14,11,66,1,0,206,35,14,28,83.2,,,,
"Kennedy, Adam",6,36,11,32,0,0,0,12,4,3,72.2,,,,
"Jacobs, Sam",7,34,15,23,2,0,172,19,4,3,81.6,,,,
"Riccardi, Jake",5,37,30,15,9,6,1,2,1,2,87.4,,,,
"Langdon, Zac",7,24,8,27,2,6,0,23,7,7,75.6,,,,
"Hill, Bobby",5,28,10,15,4,5,0,11,3,4,64.4,,,,
"Cumming, Isaac",3,21,11,14,0,0,0,5,0,1,84.7,,,,
"Taylor, Sam",4,10,11,22,0,0,0,10,5,4,88.8,,,,
"Buckley, Jack",2,11,7,8,0,0,0,5,2,0,81.0,,,,
"OHalloran, Xavier",2,9,2,10,0,0,0,6,3,0,82.5,,,,
"Idun, Connor",2,9,5,8,0,0,0,1,2,1,83.5,,,,
"Reid, Sam",3,7,4,10,0,0,0,6,1,2,73.0,,,,
"Hutchesson, Tom",1,4,2,3,0,0,0,1,1,0,55.0,,,,
"Sheridan, Tom",1,4,3,2,0,0,0,1,0,1,77.0,,,,
,,,,,,,,,,,,,,,
,,,,,,,,,,,,,,,
,,,,,,,,,,,,,,,
"Mitchell, Tom",17,172,52,257,2,1, ,75,20,18,88.3,,,,
"Worpel, James",15,167,39,120,2,7, ,81,11,18,81.1,,,,
"Shiels, Liam",16,162,46,124,6, , ,55,10,18,79.0,,,,
"Wingard, Chad",17,145,49,106,18,11, ,61,14,8,85.6,,,,
"OMeara, Jaeger",12,140,35,110,4,4, ,50,6,23,84.4,,,,
"Hardwick, Blake",16,139,45,67,1, , ,21,2,7,82.8,,,,
"Scrimshaw, Jack",13,121,51,82, , , ,23,7,7,76.0,,,,
"Sicily, James",11,146,62,50,2,1, ,9,12,7,91.8,,,,
"Scully, Tom",14,104,34,86,4,2, ,16,4,10,87.8,,,,
"Gunston, Jack",16,133,68,48,31,21, ,22,10,9,88.6,,,,
"Smith, Isaac",10,100,35,73,5,2, ,21,2,7,82.2,,,,
"Day, Will",11,100,48,72,1,1, ,15,10,3,82.7,,,,
"Frost, Sam",16,96,55,68, ,2, ,20,9,16,87.4,,,,
"Morrison, Harry",11,92,38,64, ,1, ,19,5,8,80.3,,,,
"Breust, Luke",13,77,24,64,16,6, ,51,14,13,80.8,,,,
"McEvoy, Ben",16,69,51,72,4,1,161,31,10,8,82.3,,,,
"Burgoyne, Shaun",13,77,26,62,11,2, ,32,3,13,78.2,,,,
"Ceglar, Jonathon",13,55,29,82,1, ,274,32,14,19,73.8,,,,
"Frawley, James",14,77,41,45, , , ,10,6,14,87.9,,,,
"Stratton, Ben",14,66,41,55,1, , ,17,7,13,91.6,,,,
"Cousins, James",6,60,20,57,1,3, ,16,5,7,77.7,,,,
"OBrien, Tim",16,82,47,34,12,3,34,28,13,12,82.0,,,,
"Henderson, Ricky",7,55,37,50, , , ,11,3,1,77.1,,,,
"Hanrahan, Oliver",7,44,10,31,3,4, ,7,5,4,71.4,,,,
"Puopolo, Paul",6,27,7,27,4,1, ,15,6,2,72.5,,,,
"Howe, Daniel",5,36,16,17,2, , ,5,3,1,80.2,,,,
"Greaves, Damon",3,35,17,17, , , ,5,1, ,82.3,,,,
"Jiath, Changkuoth",5,27,13,21, , , ,8,1,5,75.0,,,,
"Impey, Jarman",5,22,13,24,2,3, ,9,1,5,75.4,,,,
"Lewis, Mitch",8,28,15,18,5,5,15,5,3,5,75.1,,,,
"Glass, Conor",4,26,13,16,1, , ,10, ,1,76.0,,,,
"Moore, Dylan",3,18,14,22,2,1, ,5,2, ,80.0,,,,
"Minchington, Darren",4,24,6,15,2,2, ,5,1,1,76.8,,,,
"Patton, Jonathon",6,18,11,11,3,2,5,4,4,6,62.3,,,,
"Hartley, Michael",2,20,3,8, , , ,5,1,2,98.5,,,,
"Morris, Josh",4,14,5,9,1,2, ,6,1,2,67.8,,,,
"Nash, Conor",2,11,5,5, ,1, , , ,1,78.5,,,,
"Jones, Harry",1,3,1,8, , , ,4,1,3,76.0,,,,
"Maginness, Finn",1,2, ,8, , , ,5, ,1,77.0,,,,
"Brooksby, Keegan",1,4, ,1, , ,10,2,3,2,53.0,,,,
,,,,,,,,,,,,,,,
,,,,,,,,,,,,,,,
,,,,,,,,,,,,,,,
"Oliver, Clayton",17,195,57,230,3,1, ,92,22,22,83.5,,,,
"Petracca, Christian",17,201,58,199,15,14, ,55,18,16,89.9,,,,
"Langdon, Ed",17,216,88,125,2,8, ,22,6,12,91.4,,,,
"Viney, Jack",16,166,40,152,5,4, ,67,28,15,80.2,,,,
"Salem, Christian",16,200,64,101,2, , ,41,4,11,86.4,,,,
"May, Steven",17,210,76,62,1, , ,14,9,4,94.6,,,,
"Brayshaw, Angus",14,116,40,117,5,6, ,41,4,7,74.7,,,,
"Gawn, Max",14,142,63,80,1,1,458,35,32,9,92.6,,,,
"Hibberd, Michael",14,135,62,79,1, , ,14,13,6,81.5,,,,
"Harmes, James",13,87,30,105,2,2, ,27,8,15,76.4,,,,
"Lever, Jake",17,121,75,57, , , ,25,11,9,94.9,,,,
"Fritsch, Bayley",16,128,81,48,22,24, ,17,10,10,81.8,,,,
"Tomlinson, Adam",13,106,56,56, ,1,1,22,2,6,88.9,,,,
"Melksham, Jake",17,110,49,50,15,8, ,23,11,13,84.2,,,,
"Vandenberg, Aaron",12,73,34,69,1,1, ,31,8,14,69.8,,,,
"Rivers, Trent",9,75,28,48,2,2, ,13,11,4,79.0,,,,
"Pickett, Kysaiah",14,62,17,47,7,13, ,35,5,18,75.6,,,,
"Jones, Nathan",8,50,23,54,1,3, ,13,4,1,72.5,,,,
"Weideman, Sam",13,59,41,41,19,8, ,6,7,8,88.8,,,,
"Lockhart, Jay",10,55,28,33, ,2, ,19,2,5,73.1,,,,
"McDonald, Tom",9,50,29,27,7,1,16,15,8,6,78.9,,,,
"Hannan, Mitch",9,41,21,31,7,3, ,15,8,6,69.6,,,,
"McDonald, Oscar",7,42,17,27, , ,1,8,1,5,92.6,,,,
"Spargo, Charlie",8,38,19,27,8,1, ,12,3,7,70.1,,,,
"Neal-Bullen, Alex",7,36,14,27,7, , ,16,1,5,71.3,,,,
"Brown, Mitch",5,39,30,18,2,3,3,6, ,2,84.8,,,,
"Sparrow, Tom",5,26,9,30,2,1, ,13,3,5,61.8,,,,
"Bennell, Harley",5,26,7,28,3,2, ,5,1,2,68.4,,,,
"Jackson, Luke",6,19,9,33,3,2,29,8,7,3,75.3,,,,
"Baker, Oskar",3,30,8,11,2, , ,5,3,3,68.7,,,,
"Smith, Joel",7,23,9,15, , , ,10,3,6,86.0,,,,
"Jetta, Neville",6,14,6,23, , , ,8,5,6,69.0,,,,
"Hunt, Jayden",6,27,10,8,10,2, ,7,4,2,71.3,,,,
"Wagner, Josh",2,14,5,11, , , ,3,1,1,64.5,,,,
"Preuss, Braydon",3,16,6,7, , ,64,1,5,1,71.7,,,,
"Bedford, Toby",2,6,3,10, ,1, ,4, ,3,61.0,,,,
,,,,,,,,,,,,,,,
,,,,,,,,,,,,,,,
,,,,,,,,,,,,,,,
"Higgins, Shaun",17,186,63,177,4,1, ,50,14,15,84.7,,,,
"McDonald, Luke",17,209,68,135, , , ,44,7,17,90.9,,,,
"Simpkin, Jy",17,171,37,173,6,5, ,63,21,27,77.4,,,,
"Dumont, Trent",17,176,52,166,3,4, ,76,18,8,82.4,,,,
"Anderson, Jed",15,177,41,138,3,4, ,75,21,8,70.3,,,,
"Atley, Shaun",17,132,57,136,1, , ,25,9,9,87.9,,,,
"Goldstein, Todd",17,105,33,149,6,6,472,35,38,17,92.1,,,,
"Polec, Jared",13,162,42,88,3,3, ,34,12,8,87.5,,,,
"Tarrant, Robbie",16,178,68,72, , , ,21,14,15,91.3,,,,
"Hall, Aaron",15,134,47,85,10,14, ,37,6,8,80.9,,,,
"Walker, Josh",17,107,65,75,3,3,2,19,11,10,85.2,,,,
"Davies-Uniacke, Luke",9,73,19,83,2, , ,21,6,12,74.1,,,,
"Zurhaar, Cameron",16,102,46,54,18,11,1,38,18,17,85.8,,,,
"Pittard, Jasper",11,105,33,50,4, , ,17,13,4,87.4,,,,
"Scott, Bailey",13,81,39,57,8,1, ,29,6,9,81.8,,,,
"Macmillan, Jamie",10,67,27,58,1, , ,23,15,6,77.3,,,,
"McKay, Ben",11,43,36,59, , ,2,18,7,6,90.6,,,,
"Williams, Marley",8,69,22,29, ,1, ,13,4,6,77.5,,,,
"Taylor, Curtis",9,51,32,41,5,2, ,14,7,4,82.9,,,,
"Mahony, Jack",10,28,12,56,3,2, ,26,9,5,74.6,,,,
"Hayden, Kyron",8,38,22,41, , , ,12,3,7,74.6,,,,
"Vickers-Willis, Ed",6,40,18,32, , , ,12,4,4,81.3,,,,
"Wood, Mason",8,38,22,32,3,2, ,10,4,4,81.8,,,,
"Ahern, Paul",6,35,13,28,1,1, ,7,3,1,59.0,,,,
"Ziebell, Jack",8,38,25,25,1,7, ,16,3,6,70.4,,,,
"Brown, Ben",9,49,31,13,8,8,4,6,6,3,88.6,,,,
"Larkey, Nick",10,41,23,21,14,4, ,10,10,8,86.8,,,,
"Bonar, Aiden",6,24,10,29, , , ,11,4,3,70.2,,,,
"Cunnington, Ben",3,18,6,35,2, ,1,12,3,2,74.0,,,,
"Murphy, Tom",5,28,16,19,1,2, ,8,1, ,72.4,,,,
"Thomas, Tarryn",6,24,8,23,3,2, ,19,1,2,63.8,,,,
"Hosie, Lachlan",5,24,12,15,3,1, ,4,4,2,75.0,,,,
"Daw, Majak",4,17,9,18,3,1,23,8,3,3,74.5,,,,
"Perez, Flynn",3,15,7,13, , , ,8,1,2,78.7,,,,
"Walker, Will",2,12,4,14, , , ,7, ,3,77.5,,,,
"Garner, Taylor",2,8,5,13,1, , ,5,1,3,74.5,,,,
"Durdin, Sam",3,11,8,9, ,1, ,2,2,2,82.0,,,,
"Xerri, Tristan",4,13,5,6,4, ,9,8,4,7,85.3,,,,
"Campbell, Tom",1,3,1,2, , ,2, , , ,73.0,,,,
,,,,,,,,,,,,,,,
,,,,,,,,,,,,,,,
,,,,,,,,,,,,,,,
"Boak, Travis",19,217,51,219,8,8, ,72,13,7,77.5,,,,
"Wines, Ollie",17,177,30,194,8,5, ,64,23,10,71.9,,,,
"Rockliff, Tom",16,191,36,174,4,3, ,100,19,10,78.9,,,,
"Byrne-Jones, Darcy",19,204,64,117, ,2, ,34,17,7,83.6,,,,
"Gray, Robbie",19,127,40,188,15,7, ,57,12,19,86.9,,,,
"Amon, Karl",19,199,58,107,5,8, ,55,8,15,84.9,,,,
"Houston, Dan",17,211,71,82,1,3, ,49,17,7,83.0,,,,
"Hartlett, Hamish",19,174,69,107,2,1, ,53,16,11,82.5,,,,
"Powell-Pepper, Sam",19,123,36,157,7,12, ,77,9,23,73.7,,,,
"Butters, Zak",17,129,55,119,11,6, ,47,12,9,83.5,,,,
"Ebert, Brad",14,131,52,76,11,14, ,55,16,9,81.9,,,,
"Jonas, Tom",19,138,76,68, ,1, ,30,7,14,93.4,,,,
"Rozee, Connor",16,106,40,100,9,9, ,52,6,10,83.2,,,,
"Duursma, Xavier",15,114,52,83,7,3, ,36,16,7,78.6,,,,
"McKenzie, Trent",17,169,75,28, ,2, ,18,14,10,89.8,,,,
"Clurey, Tom",18,135,78,40, , , ,18,13,13,89.3,,,,
"Dixon, Charlie",18,110,69,60,34,21,46,30,18,14,94.3,,,,
"Lycett, Scott",15,76,19,89,2,3,352,39,25,12,79.7,,,,
"Motlop, Steven",14,84,33,65,13,2, ,24,4,11,72.6,,,,
"Ladhams, Peter",10,60,21,72,6,2,124,19,17,22,82.0,,,,
"Bonner, Riley",9,97,33,25, , , ,7,1,8,79.1,,,,
"Westhoff, Justin",12,77,45,45,10,7,42,26,8,8,82.9,,,,
"Marshall, Todd",14,84,41,27,11,9,3,35,10,5,76.1,,,,
"Farrell, Kane",11,56,21,46,6,9, ,30,2,2,80.2,,,,
"Burton, Ryan",8,74,30,27, ,1, ,8, ,2,63.9,,,,
"Mayes, Sam",6,50,20,32,1,2, ,17,5,3,83.3,,,,
"Lienert, Jarrod",5,46,10,17, , , ,6,3, ,82.0,,,,
"Georgiades, Mitch",7,39,20,19,8,6, ,14,11,5,76.7,,,,
"Woodcock, Boyd",5,28,12,24,3,3, ,8,2,2,73.8,,,,
"Sutcliffe, Cam",4,18,3,14,1,2, ,6,1, ,69.3,,,,
,,,,,,,,,,,,,,,
,,,,,,,,,,,,,,,
,,,,,,,,,,,,,,,
"Martin, Dustin",20,251,52,162,22,11,1,46,13,22,89.2,,,,
"Short, Jayden",21,297,114,103, ,4, ,27,11,8,79.2,,,,
"Lambert, Kane",20,137,61,175,10,3, ,68,11,14,83.7,,,,
"Cotchin, Trent",17,176,39,135,1,3, ,55,14,18,72.6,,,,
"Bolton, Shai",19,181,58,120,15,11, ,54,11,22,82.7,,,,
"Baker, Liam",20,166,73,131,1,1, ,39,18,13,77.3,,,,
"Vlastuin, Nick",20,179,95,94,1, , ,42,14,19,84.7,,,,
"McIntosh, Kamdyn",18,165,68,79,6,4, ,30,9,11,82.1,,,,
"Houli, Bachar",13,131,48,111, ,1, ,28,6,7,80.0,,,,
"Graham, Jack",16,110,31,130,2,2, ,72,15,19,78.9,,,,
"Castagna, Jason",21,142,71,96,17,12, ,46,8,8,84.4,,,,
"Pickett, Marlion",19,119,43,113,4,4, ,69,7,13,79.5,,,,
"Grimes, Dylan",20,126,79,71, ,1, ,35,15,12,91.8,,,,
"Rioli, Daniel",18,102,47,94,12,3, ,57,13,8,81.0,,,,
"Balta, Noah",17,132,65,52,1,1,3,16,11,16,94.5,,,,
"Prestia, Dion",9,85,12,91,4, , ,35,8,12,78.8,,,,
"Broad, Nathan",16,128,65,47, , ,1,28,6,7,92.3,,,,
"Riewoldt, Jack",21,136,75,37,33,20,2,27,14,15,92.1,,,,
"Edwards, Shane",10,78,10,94,5,1, ,27,8,6,79.9,,,,
"Lynch, Tom",19,121,67,51,32,27,2,23,17,26,89.9,,,,
"Higgins, Jack",10,89,36,56,5,7, ,17,16,6,82.3,,,,
"Aarts, Jake",14,71,31,64,14,5, ,33,8,18,79.6,,,,
"Nankervis, Toby",11,62,26,64,3,1,186,45,13,17,70.3,,,,
"Astbury, David",9,73,39,38, , ,3,17,8,6,86.7,,,,
"Soldo, Ivan",14,52,23,56,2,3,292,38,17,21,67.5,,,,
"Caddy, Josh",8,56,32,44,2,2,1,14, ,5,75.9,,,,
"Ross, Jack",7,48,14,45, , , ,20,5,2,71.6,,,,
"Stack, Sydney",9,30,15,62,2,2, ,26,5,15,70.1,,,,
"Eggmolesse-Smith, Derek",6,53,15,24, , , ,13,3,8,70.5,,,,
"Markov, Oleg",6,47,16,21, ,1, ,6,6,2,80.5,,,,
"Chol, Mabior",11,39,15,27,8,3,66,17,3,7,64.5,,,,
"Dow, Thomson",2,2,2,14, , , ,4, ,1,75.5,,,,
"Naish, Patrick",1,3, ,6, , , ,3,1, ,86.0,,,,
,,,,,,,,,,,,,,,
,,,,,,,,,,,,,,,
,,,,,,,,,,,,,,,
"Steele, Jack",19,204,72,213,11,2, ,104,25,13,85.5,,,,
"Billings, Jack",19,205,78,147,11,6, ,47,13,6,86.1,,,,
"Clark, Hunter",18,188,64,122,1,1, ,46,13,20,81.7,,,,
"Jones, Zak",16,157,47,147,5,8, ,57,14,15,78.3,,,,
"Hill, Bradley",19,201,63,92,2,3, ,27,5,12,84.3,,,,
"Ross, Sebastian",16,146,29,141,2,2, ,45,7,17,80.6,,,,
"Coffield, Nick",18,181,117,93, , , ,18,7,8,85.0,,,,
"Marshall, Rowan",19,192,83,74,13,11,277,41,30,24,85.5,,,,
"Wilkie, Callum",19,178,61,62, , , ,22,12,11,88.3,,,,
"Paton, Ben",19,145,82,92, , , ,20,15,9,77.3,,,,
"Butler, Dan",19,156,37,51,29,12, ,74,14,15,87.2,,,,
"Howard, Dougal",19,159,76,38,1,1,3,23,9,17,92.2,,,,
"Gresham, Jade",11,111,25,83,7,6, ,21,10,13,76.6,,,,
"Long, Ben",15,90,49,94, ,1, ,30,12,20,82.5,,,,
"Membrey, Tim",18,129,83,55,20,9,3,27,11,9,87.0,,,,
"Sinclair, Jack",12,98,30,73, ,1, ,30,6,3,78.3,,,,
"Geary, Jarryn",16,83,48,83,5,1, ,28,6,11,80.3,,,,
"Carlisle, Jake",13,107,73,39, , ,9,17,8,4,90.2,,,,
"Battle, Josh",14,108,52,34,12,9,6,26,10,8,70.4,,,,
"Kent, Dean",15,96,48,46,10,5, ,29,9,6,76.7,,,,
"Hannebery, Dan",8,67,19,74,1,2, ,13,2,5,68.8,,,,
"King, Max",18,84,57,53,22,20,17,22,10,12,85.1,,,,
"Lonie, Jack",13,95,44,36,12,7, ,28,10,5,81.5,,,,
"Ryder, Paddy",14,79,29,34,10,2,293,35,16,13,72.6,,,,
"Hind, Nick",10,56,17,42,6,5, ,28,6,11,73.1,,,,
"Marsh, Jonathon",6,28,10,25,2,5,2,14,4,2,77.8,,,,
"Phillips, Ed",4,28,16,22,3, , ,4,2,2,76.3,,,,
"Bytel, Jack",3,9,3,30, , , ,8,3,4,67.0,,,,
"Savage, Shane",2,26,8,5,1,2, ,4, , ,80.5,,,,
"Dunstan, Luke",1,13,3,8, , , ,9, , ,81.0,,,,
"Parker, Matthew",2,8,1,5, ,2, ,5,2,2,73.5,,,,
"Roberton, Dylan",1,7,1,1, , , , , ,2,82.0,,,,
"Byrnes, Ryan",1,2, ,3, , , ,2,1, ,62.0,,,,
"Abbott, Ryan",1,2,2,1,1, ,2, , , ,54.0,,,,
,,,,,,,,,,,,,,,
,,,,,,,,,,,,,,,
,,,,,,,,,,,,,,,
"Lloyd, Jake",17,284,81,155,1, , ,37,11,5,88.9,,,,
"Parker, Luke",17,190,54,187,6,5, ,84,22,21,86.3,,,,
"Florent, Oliver",17,180,40,98,4,4, ,43,7,13,81.6,,,,
"Mills, Callum",15,164,77,107, ,1, ,49,18,15,89.3,,,,
"Dawson, Jordan",16,183,60,77,6,7, ,38,13,10,84.0,,,,
"Cunningham, Harry",17,157,59,96, ,1, ,38,10,5,84.6,,,,
"Kennedy, Josh",12,129,34,119,3,3, ,62,12,8,73.3,,,,
"Rowbottom, James",16,132,22,105,4,4, ,58,17,17,76.9,,,,
"Papley, Tom",17,148,57,52,26,27, ,29,19,16,88.8,,,,
"Clarke, Ryan",10,86,25,79,2,1, ,25,10,5,89.3,,,,
"Blakey, Nick",16,126,36,36,8,13, ,36,15,8,76.0,,,,
"Hayward, Will",16,87,54,74,10,3, ,37,11,12,84.3,,,,
"Rampe, Dane",11,105,42,56, , , ,15,9,15,94.4,,,,
"Fox, Robbie",14,86,30,58, , , ,37,10,9,88.6,,,,
"Aliir, Aliir",14,78,45,57,3,1,66,22,4,14,80.5,,,,
"McInerney, Justin",9,60,26,65,5, , ,13,8,8,81.8,,,,
"McCartin, Tom",14,70,51,49,9,2,3,12,9,13,83.3,,,,
"Sinclair, Callum",13,64,32,55,3,3,293,33,15,24,81.2,,,,
"Thurlow, Jackson",8,65,27,42,3,2, ,17,4,2,77.5,,,,
"Stephens, Dylan",8,68,27,32,2,3, ,26,6,6,80.4,,,,
"Melican, Lewis",9,52,21,37, , , ,14,6,6,84.7,,,,
"Heeney, Isaac",6,53,29,33,7,7, ,15,6,1,87.7,,,,
"Reid, Sam",10,43,38,41,5,6,26,15,3,2,82.5,,,,
"Hewett, George",6,29,11,54,1, , ,19,2,3,80.7,,,,
"Taylor, Lewis",9,51,22,27,6,5, ,20,4,1,67.9,,,,
"ORiordan, Colin",8,39,20,37, , , ,13,3,5,69.5,,,,
"Gray, Sam",7,38,15,37,1,2, ,15,4,1,78.7,,,,
"Bell, James",8,37,13,32,3,2, ,28,7,8,69.8,,,,
"Wicks, Sam",7,31,15,27,3,1, ,32,5,8,77.0,,,,
"McLean, Hayden",6,24,13,14,5,1,14,15,1,5,78.7,,,,
"Taylor, Elijah",4,17,4,14,1,1, ,2,5,2,68.3,,,,
"Ronke, Ben",3,19,6,10, , , ,11,2,3,71.3,,,,
"Ling, Matt",3,20,5,6, , , ,2,1,3,73.0,,,,
"Stoddart, Ryley",2,16,4,10, , , ,3,3, ,71.5,,,,
"Naismith, Sam",2,15,5,4, , ,53,9,3,2,73.5,,,,
"Brand, Kaiden",2,10,7,8, , , ,3,2, ,87.0,,,,
"Foot, Zac",2,7,6,7,1, , ,4,1,2,71.5,,,,
"Warner, Chad",2,9,3,5, , , ,3,2,2,77.0,,,,
"Amartey, Joel",1,3, , , , ,8,2,1,2,59.0,,,,
,,,,,,,,,,,,,,,
,,,,,,,,,,,,,,,
,,,,,,,,,,,,,,,
"Gaff, Andrew",18,251,81,186,5,4, ,42,15,7,95.4,,,,
"Kelly, Tim",18,208,46,153,5,4, ,75,10,15,83.8,,,,
"Sheed, Dom",17,172,55,164,8,3, ,40,14,16,80.2,,,,
"Sheppard, Brad",18,194,112,92,2, , ,34,14,7,94.9,,,,
"Duggan, Liam",17,211,98,70, ,2, ,31,8,8,86.9,,,,
"Hurn, Shannon",17,205,87,66, , , ,26,7,7,81.0,,,,
"Shuey, Luke",13,144,33,102,1,1, ,45,11,14,69.5,,,,
"Nelson, Jackson",15,150,61,54, , , ,31,7,6,83.3,,,,
"Redden, Jack",13,98,44,106,1,1, ,31,12,8,81.8,,,,
"Ryan, Liam",18,140,66,54,26,16, ,32,13,7,85.4,,,,
"Naitanui, Nic",17,109,13,83,5,4,496,40,21,19,69.5,,,,
"Yeo, Elliot",10,107,22,85, ,1, ,56,5,25,80.4,,,,
"Barrass, Tom",18,144,94,37, , , ,4,12,8,89.9,,,,
"Darling, Jack",18,112,64,57,30,12,8,35,20,9,96.2,,,,
"Cripps, Jamie",14,94,36,73,9,7, ,45,9,9,88.5,,,,
"Cole, Tom",15,95,48,62,3, , ,30,14,7,82.7,,,,
"McGovern, Jeremy",12,114,72,43, , , ,14,9,9,78.4,,,,
"Ah Chee, Brendon",16,77,36,78,6,5, ,26,9,6,77.6,,,,
"Allen, Oscar",15,86,44,46,18,8,66,41,18,8,76.0,,,,
"Kennedy, Josh",17,96,69,23,34,22, ,16,13,15,82.8,,,,
"Rotham, Josh",10,90,52,17, , , ,13,5,4,81.4,,,,
"Waterman, Jake",10,78,51,25,9,2, ,8,6,3,77.2,,,,
"Brander, Jarrod",8,67,36,22, ,1, ,12,3,2,80.5,,,,
"Jetta, Lewis",6,62,22,24,1,2, ,16,1,4,85.2,,,,
"Ainsworth, Brayden",9,44,26,33,3,1, ,12,2,8,78.3,,,,
"ONeill, Xavier",5,25,9,24,1,1, ,9,1,1,66.4,,,,
"Petruccelle, Jack",6,22,9,20,2,5, ,7,2, ,70.0,,,,
"Cameron, Jarrod",5,16,5,8,2,1, ,11,2,9,64.0,,,,
"Hutchings, Mark",3,15,5,9, , , ,4, , ,59.0,,,,
"Schofield, Will",4,12,3,10, , , ,8,2,5,87.8,,,,
"Jones, Jamaine",2,13,5,8, ,1, ,8,4,2,79.0,,,,
"Reid, Nic",3,8,1,13,1,1, ,8,1,2,67.7,,,,
"Williams, Bailey",3,10,5,11,1,1,24,5,2,4,70.0,,,,
"Hickey, Tom",3,6,5,10, , ,42,3, ,2,58.0,,,,
"Brayshaw, Hamish",1,3,1,2, ,1, ,1,1, ,58.0,,,,
"Edwards, Harry",1,2, ,1, , , , , , ,26.0,,,,
"Foley, Luke",1,3,2, , , , ,1, , ,73.0,,,,
,,,,,,,,,,,,,,,
,,,,,,,,,,,,,,,
,,,,,,,,,,,,,,,
"Macrae, Jack",18,206,50,269,3,3,7,71,29,10,85.1,,,,
"Smith, Bailey",18,190,30,192,6,9, ,45,7,11,77.3,,,,
"Bontempelli, Marcus",18,211,59,164,11,7,1,88,15,23,86.2,,,,
"Daniel, Caleb",18,225,59,138,3,2, ,42,10,9,84.3,,,,
"Liberatore, Tom",16,150,31,182,5,3, ,57,12,20,79.8,,,,
"Williams, Bailey",18,202,82,96,3,2, ,24,12,9,84.2,,,,
"Johannisen, Jason",17,165,66,102,6,5, ,29,7,3,81.9,,,,
"Hunter, Lachie",10,137,54,116,4,8, ,24,11,6,87.2,,,,
"English, Tim",18,129,77,113,8,11,287,39,18,18,87.6,,,,
"Dunkley, Josh",12,85,28,134,6,5,12,71,10,9,80.3,,,,
"Lipinski, Patrick",13,90,32,121,5,4, ,30,6,7,80.7,,,,
"Crozier, Hayden",15,154,59,55,2,2, ,40,15,11,80.7,,,,
"Richards, Ed",17,93,24,90,6,7, ,34,12,10,78.7,,,,
"Keath, Alex",18,113,70,66,1,1, ,15,12,8,95.4,,,,
"Wallis, Mitch",18,83,42,83,25,14, ,32,20,7,81.6,,,,
"McLean, Toby",12,57,16,108,6,4, ,45,13,10,76.7,,,,
"Bruce, Josh",17,55,47,81,14,8,19,28,10,15,87.8,,,,
"Wood, Easton",13,79,50,45, , , ,19,7,8,77.9,,,,
"Cordy, Zaine",14,86,40,32, , ,5,20,8,5,89.6,,,,
"Vandermeer, Laitham",12,72,31,45,9,9, ,26,7,11,69.8,,,,
"Naughton, Aaron",12,46,42,38,15,6, ,9,4,6,76.7,,,,
"Dale, Bailey",9,48,20,35,7,3, ,13,6,5,79.4,,,,
"Lloyd, Sam",9,47,26,30,7,5, ,20,8,4,75.1,,,,
"Gardner, Ryan",10,41,27,35, , , ,13, ,10,95.2,,,,
"Smith, Roarke",6,29,12,41,2,1, ,8,2,2,77.0,,,,
"Suckling, Matt",7,47,26,22,3, , ,2,7,6,65.6,,,,
"West, Rhylee",4,23,12,25,1, , ,7,3,4,79.3,,,,
"Duryea, Taylor",3,35,13,12, , , ,9,2, ,79.3,,,,
"Jong, Lin",3,12,10,29, ,1,1,9,2,5,71.7,,,,
"Butler, Louis",2,24,6,6, ,1, ,1, ,2,83.0,,,,
"Cavarra, Ben",3,15,5,10,4,3, ,8,1,2,72.0,,,,
"Gowers, Billy",3,12,3,9, ,2, ,3,1,4,74.0,,,,
"Hayes, Will",2,7,2,13, , , ,6, ,1,70.5,,,,
"Weightman, Cody",3,11,4,7,3,1, ,4,3,2,70.7,,,,
"Young, Lachie",2,11,2,7,1, , ,4,1, ,82.0,,,,
"Schache, Josh",2,8,3,5,2, , , ,1,1,75.0,,,,
"Porter, Callum",1,4, ,5, , , ,4,1,3,56.0,,,,
"Trengove, Jackson",1,2,1,6, , ,3,4,2,1,68.0,,,,
"Dickson, Tory",1, , ,4, , , ,1,1, ,83.0,,,,
"Young, Lewis",1,3,3,1, ,1,1, , ,3,69.0,,,,
