Player,Season,GM,KI,MK,HB,GL,BH,HO,TK,FF,FA,%P,FantasyAve
"Crouch, Matt",2020,16,162,44,256,2,3,0,74,19,14,77.1,110.8
"Laird, Rory",2020,17,186,46,203,3,1,0,69,19,20,80.9,99.7
"Smith, Brodie",2020,16,203,58,72,5,6,0,38,7,10,79.4,85.3
"Keays, Ben",2020,16,147,47,118,3,5,0,53,9,14,86.3,79.7
"Crouch, Brad",2020,12,136,20,128,2,1,0,45,15,14,74.4,92.7
"OBrien, Reilly",2020,17,107,64,125,0,3,463,68,19,16,88.1,108.2
"Lynch, Tom",2020,13,144,53,78,6,5,0,13,7,6,81.1,79.7
"Brown, Luke",2020,17,141,46,56,0,1,0,35,13,9,84.7,58.8
"Sloane, Rory",2020,12,92,15,97,5,3,0,49,16,11,76.8,75.7
"Mackay, David",2020,10,73,25,82,2,2,0,16,3,7,81,64.8
"Seedsman, Paul",2020,9,79,24,65,4,5,0,28,7,5,86.9,79.4
"Doedee, Tom",2020,9,75,47,54,0,0,0,15,6,3,83.6,73.8
"Kelly, Jake",2020,15,86,44,39,0,0,0,38,10,11,87.7,49.8
"Talia, Daniel",2020,14,83,47,41,0,0,0,15,10,9,90.8,46
"Jones, Chayce",2020,15,64,22,58,6,1,0,28,14,15,80.1,41
"McAdam, Shane",2020,13,79,47,43,12,12,0,38,11,9,77,65.8
"Stengle, Tyson",2020,12,66,20,51,8,9,0,25,6,11,79.1,51
"McPherson, Andrew",2020,9,56,25,58,0,0,0,15,6,2,72.9,58.2
"Hartigan, Kyle",2020,12,68,37,43,0,0,0,18,8,8,89.7,47.6
"Murphy, Lachlan",2020,12,57,17,54,7,8,0,38,14,7,79.6,54.7
"Himmelberg, Elliott",2020,11,58,33,48,9,10,36,20,11,3,83.9,62.6
"Sholl, Lachlan",2020,8,72,24,33,2,1,0,7,5,2,83.3,61.6
"Walker, Taylor",2020,14,74,36,31,15,9,5,14,10,8,86.1,48
"Schoenberg, Harry",2020,8,40,11,54,3,0,0,15,3,4,76.1,51.6
"Fogarty, Darcy",2020,10,41,19,33,8,1,2,22,11,10,85,45.8
"McHenry, Ned",2020,8,31,17,43,0,4,0,23,10,12,80.3,46.9
"Hamill, Will",2020,8,33,15,35,0,0,0,14,8,7,62.9,40.2
"McAsey, Fischer",2020,10,35,21,29,0,2,0,12,4,2,85.5,34.3
"Crocker, Ben",2020,7,45,22,10,4,5,0,17,7,1,83.6,57.5
"Poholke, Myles",2020,5,29,15,23,2,1,0,12,1,5,78.8,56.3
"Gibbs, Bryce",2020,3,25,9,21,0,1,0,3,1,4,79.3,60.8
"Frampton, Billy",2020,5,22,17,18,5,1,20,5,2,8,86.2,50.5
"Atkins, Rory",2020,4,20,4,17,2,0,0,8,1,3,68,44.4
"Milera, Wayne",2020,2,17,7,13,0,0,0,2,0,1,82,64.4
"Butts, Jordon",2020,2,8,5,6,0,0,0,2,1,1,88,35.6
"Davis, Ben",2020,1,4,2,1,1,0,0,2,3,0,85,46.3
"Strachan, Kieran",2020,1,1,0,3,0,0,10,4,2,2,78,38.8
"Knight, Riley",2020,1,2,1,1,0,0,0,5,0,2,77,31.3
"Neale, Lachie",2020,19,249,80,262,14,13,0,59,21,12,92.3,120.3
"Lyons, Jarryd",2020,19,255,64,156,4,10,0,77,22,12,83.5,105.1
"McCluggage, Hugh",2020,19,219,70,136,8,21,0,52,13,6,84.7,92.8
"Zorko, Dayne",2020,17,222,65,64,9,15,0,75,20,20,80.3,96.9
"Berry, Jarrod",2020,17,155,70,116,7,10,0,64,20,21,77.5,86.2
"Robinson, Mitch",2020,19,182,66,79,5,3,0,44,16,16,79.3,71
"Rich, Daniel",2020,15,218,74,38,4,2,0,19,9,5,81.8,87.3
"Bailey, Zac",2020,19,166,76,89,13,9,0,47,11,19,78.1,74.5
"Ah Chee, Callum",2020,18,138,63,69,3,4,0,52,9,14,81.7,65.1
"Birchall, Grant",2020,16,150,69,53,0,0,0,16,6,4,72.4,64.1
"Gardiner, Darcy",2020,18,139,71,60,0,0,0,25,9,20,95.1,55.5
"Hipwood, Eric",2020,19,147,79,40,24,19,0,17,13,17,92,62.6
"Cameron, Charlie",2020,19,139,64,38,31,22,0,42,20,17,87.5,67.8
"Lester, Ryan",2020,15,107,62,70,0,1,0,35,7,10,88.1,63.8
"Andrews, Harris",2020,16,113,71,58,0,0,0,17,14,8,95.4,56.7
"Starcevich, Brandon",2020,18,125,57,43,1,2,0,29,10,9,78.2,51.3
"Rayner, Cam",2020,17,85,51,82,17,7,0,54,12,11,78.5,64.4
"McInerney, Oscar",2020,19,91,33,75,6,4,363,57,19,13,79.4,74.5
"McCarthy, Lincoln",2020,17,89,40,76,15,15,0,53,14,11,80.3,61.5
"McStay, Daniel",2020,17,80,54,45,11,6,7,27,9,8,89.3,48.8
"Witherden, Alex",2020,6,92,39,23,0,0,0,7,6,2,81.7,97.3
"Ellis-Yolmen, Cam",2020,9,50,18,48,3,2,0,21,5,6,66.2,54.3
"Answerth, Noah",2020,9,71,25,24,0,0,0,17,3,3,84.2,55.3
"Martin, Stefan",2020,8,37,8,21,1,1,137,19,8,9,60.3,59.1
"Coleman, Keidean",2020,5,25,9,17,2,1,0,23,3,9,78.2,54.3
"Berry, Tom",2020,6,16,10,25,0,2,0,12,2,4,71.5,35
"Payne, Jack",2020,5,28,20,11,0,0,0,4,1,4,87.8,42.8
"Smith, Archie",2020,5,9,2,18,0,0,56,5,3,5,50.4,33.3
"Skinner, Sam",2020,2,12,13,5,1,2,1,2,0,1,75.5,61.9
"Mathieson, Rhys",2020,1,8,5,6,0,0,0,2,2,0,81,76.3
"Hinge, Mitch",2020,1,10,2,3,0,0,0,3,0,0,83,67.5
"Ballenden, Connor",2020,2,5,5,4,1,1,5,1,1,1,71.5,32.5
"Fullarton, Tom",2020,2,5,1,4,1,3,0,2,1,0,40,27.5
"Robertson, Deven",2020,1,3,0,4,0,0,0,3,0,1,68,32.5
"Adams, Marcus",2020,1,2,1,3,0,0,0,0,0,1,85,15
"Eagles, Matt",2020,2,2,0,0,0,0,15,4,0,1,46,21.3
"Walsh, Sam",2020,17,193,73,156,8,4,0,47,7,14,84.5,96.7
"Cripps, Patrick",2020,17,152,40,182,7,11,0,81,38,25,85.4,94.1
"Curnow, Ed",2020,17,212,42,108,4,3,0,88,13,18,87.6,96.8
"Murphy, Marc",2020,17,178,63,135,4,7,0,37,11,18,81.6,83
"Docherty, Sam",2020,16,216,83,82,0,1,0,19,15,6,82.4,88.7
"Simpson, Kade",2020,17,201,66,63,1,0,0,19,11,7,82.5,73.5
"Setterfield, Will",2020,16,146,29,97,4,1,0,83,18,8,78.8,83.6
"Newnes, Jack",2020,17,139,53,83,13,4,0,44,7,11,80.2,71.6
"Petrevski-Seton, Sam",2020,16,155,49,62,0,0,0,36,10,8,78.5,67.7
"Gibbons, Michael",2020,15,144,51,63,11,6,0,42,10,14,80.5,76.6
"Martin, Jack",2020,15,115,64,88,12,11,0,48,16,16,75.7,79.7
"Weitering, Jacob",2020,17,146,74,42,0,1,0,17,13,13,96.6,57.9
"Plowman, Lachie",2020,16,116,54,47,0,2,0,30,11,9,92.4,55.5
"Williamson, Tom",2020,15,103,48,55,1,1,0,28,11,9,75.1,55.5
"Casboult, Levi",2020,17,112,80,40,16,8,86,31,9,22,88.6,67.1
"Cuningham, David",2020,12,72,32,66,6,6,0,33,5,6,75.8,63
"Jones, Liam",2020,17,111,72,24,0,2,0,24,9,15,95.1,48.5
"Betts, Eddie",2020,15,89,24,44,13,13,0,41,8,8,84.4,55.5
"Kennedy, Matthew",2020,7,63,26,50,2,1,0,20,5,2,68.9,82
"Pittonet, Marc",2020,13,59,23,50,0,3,292,25,15,15,79.2,68.4
"Fisher, Zac",2020,8,57,13,50,6,2,0,20,3,1,75.5,66.9
"McKay, Harry",2020,13,76,57,21,21,15,0,20,14,17,87.8,60.1
"McGovern, Mitch",2020,12,70,39,18,9,2,3,22,9,7,76.4,51.9
"De Koning, Tom",2020,7,26,10,28,0,2,87,16,3,9,77.6,52.3
"Cottrell, Matthew",2020,5,44,8,9,2,0,0,4,3,0,74.4,51.3
"Dow, Paddy",2020,3,12,6,15,1,2,0,3,2,1,68.3,42.9
"Polson, Cameron",2020,3,16,3,8,0,1,0,3,2,2,76.3,34.2
"Silvagni, Jack",2020,3,12,5,4,2,2,0,2,2,0,55,34.6
"Newman, Nic",2020,2,13,4,2,0,0,0,2,1,2,45,36.3
"Philp, Sam",2020,2,8,1,6,1,1,0,3,1,1,69,35
"OBrien, Lochie",2020,1,5,2,2,1,0,0,2,0,1,67,45
"Moore, Callum",2020,2,2,2,4,0,0,3,4,0,3,72.5,18.8
"Owies, Matthew",2020,1,3,1,2,0,0,0,1,0,2,68,17.5
"Honey, Josh",2020,1,3,2,1,0,1,0,1,0,0,63,27.5
"Lang, Darcy",2020,1,2,0,2,1,1,0,2,0,0,71,31.3
"Kreuzer, Matthew",2020,1,0,1,1,0,0,7,1,0,0,21,20
"Adams, Taylor",2020,19,245,63,186,9,2,0,103,29,23,79.7,113.4
"Crisp, Jack",2020,19,220,91,143,2,2,0,58,15,11,87.2,95.2
"Pendlebury, Scott",2020,15,175,38,179,1,2,1,45,19,3,83.5,99.7
"Maynard, Brayden",2020,19,254,78,95,0,1,0,47,17,18,86,88
"Daicos, Josh",2020,18,169,68,143,10,3,0,42,18,8,84.6,84.9
"Noble, John",2020,17,161,56,116,2,0,0,29,14,10,81.4,73.2
"Grundy, Brodie",2020,19,105,57,168,3,3,593,68,43,28,84.5,109.7
"Treloar, Adam",2020,10,122,19,147,1,4,0,30,8,8,75.6,103.9
"Phillips, Tom",2020,15,141,46,104,5,7,0,35,16,4,85.5,79.2
"Moore, Darcy",2020,18,146,87,92,0,0,0,14,13,11,91.9,63.8
"Elliott, Jamie",2020,18,141,51,86,10,10,0,57,7,12,75.4,70.6
"Sidebottom, Steele",2020,9,112,33,101,5,3,0,38,8,4,87.8,113.6
"Mayne, Chris",2020,14,89,50,116,0,2,0,38,8,8,80.6,70.3
"Hoskin-Elliott, Will",2020,18,123,85,72,11,8,0,17,7,7,80.6,62.2
"Brown, Callum",2020,14,69,24,109,6,2,0,29,11,7,76.1,57.2
"Mihocek, Brody",2020,18,110,68,48,25,9,0,33,12,17,85.4,61.3
"Roughead, Jordan",2020,17,90,64,67,0,0,0,18,10,4,93.1,49
"Madgen, Jack",2020,13,85,46,70,0,0,0,22,9,2,80.6,60
"Quaynor, Isaac",2020,11,74,33,74,0,0,0,25,5,1,81.3,64.9
"Thomas, Josh",2020,14,70,26,78,4,4,0,28,3,9,76.5,50
"de Goey, Jordan",2020,10,86,26,49,14,12,0,12,6,4,87,71.5
"Stephenson, Jaidyn",2020,14,85,47,47,14,10,0,25,4,9,84.8,59
"Wills, Rupert",2020,8,43,10,82,0,0,0,38,8,9,61.9,71.3
"Brown, Tyler",2020,9,45,14,61,2,0,0,13,1,3,69.4,49.3
"Varcoe, Travis",2020,9,54,21,42,1,2,0,15,0,2,78.4,51.5
"Howe, Jeremy",2020,4,66,26,20,0,0,0,8,3,3,92,106.9
"Cameron, Darcy",2020,10,46,36,30,4,2,57,14,9,7,74.5,54.1
"Greenwood, Levi",2020,6,37,8,33,1,0,0,19,2,1,74.8,58.8
"Cox, Mason",2020,11,38,35,31,14,2,34,6,12,5,84.8,48
"Sier, Brayden",2020,3,14,4,38,1,1,0,10,1,6,74.7,66.7
"Scharenberg, Matt",2020,3,25,12,15,0,0,0,8,1,1,83.7,71.3
"Ruscoe, Trey",2020,4,17,5,6,5,4,0,3,1,1,68.3,38.1
"Bosenavulagi, Atu",2020,3,9,6,12,0,0,0,5,2,3,62.7,34.2
"Dunn, Lynden",2020,2,12,5,6,1,0,0,3,1,1,92.5,49.4
"Reid, Ben",2020,2,7,3,4,3,0,1,1,3,1,72,38.1
"Appleby, Flynn",2020,1,4,1,5,1,2,0,2,2,1,80,50
"Broomhead, Tim",2020,1,2,0,5,0,0,0,2,1,1,79,27.5
"Keane, Mark",2020,1,5,1,2,0,0,0,2,0,1,79,33.8
"Kelly, Will",2020,1,4,2,1,1,1,0,0,0,1,71,30
"Lynch, Max",2020,1,1,0,1,0,0,2,5,0,1,58,30
"Merrett, Zach",2020,16,221,69,199,2,2,0,55,15,12,82.4,115.7
"Shiel, Dylan",2020,15,188,38,159,4,6,0,52,18,9,79.8,102.1
"Parish, Darcy",2020,17,146,27,180,7,4,0,52,5,9,78.1,81.7
"Saad, Adam",2020,17,202,49,119,2,1,0,34,10,8,83.2,82.8
"McGrath, Andrew",2020,14,149,22,161,0,1,0,67,14,12,79.7,96.6
"Ridley, Jordan",2020,17,211,110,93,0,2,0,20,10,8,90.9,89.5
"Smith, Devon",2020,16,158,40,133,7,7,0,61,15,12,84.8,88.4
"Langford, Kyle",2020,16,146,65,142,11,9,0,30,9,8,83.3,85.7
"Snelling, Will",2020,17,71,29,151,5,2,0,79,14,12,85.1,68.2
"Hurley, Michael",2020,14,154,86,66,0,0,0,5,9,12,92.9,75.4
"Redman, Mason",2020,13,94,41,65,1,1,0,22,6,11,79.7,58
"McDonald-Tipungwuti, Anthony",2020,17,86,35,61,19,7,0,57,8,16,83.2,58.4
"Zaharakis, David",2020,10,63,24,79,9,4,0,20,1,3,81.9,68.6
"Gleeson, Martin",2020,13,75,40,65,0,0,0,17,2,8,82.3,50.1
"Guelfi, Matt",2020,11,72,37,67,0,0,0,18,5,8,80.4,58.4
"Cutler, Tom",2020,8,66,25,44,2,5,0,10,5,6,85,63.3
"Ham, Brayden",2020,10,67,28,32,1,1,0,13,1,2,79.6,50.4
"Hooker, Cale",2020,8,43,37,46,3,3,0,6,4,5,90.4,57.2
"Zerk-Thatcher, Brandon",2020,10,46,30,36,0,2,0,8,5,5,88.1,40.5
"Clarke, Dylan",2020,8,31,17,50,4,0,0,19,7,5,75.4,52.5
"McKenna, Conor",2020,6,55,18,25,1,0,0,10,2,2,83.2,64.8
"Francis, Aaron",2020,8,44,27,35,0,0,0,14,5,4,76.9,51.9
"Stewart, James",2020,10,50,33,25,11,4,10,10,6,8,78.6,50.1
"Townsend, Jacob",2020,12,53,22,22,9,5,0,32,12,18,72.8,43.1
"Stringer, Jake",2020,10,57,18,16,15,7,0,19,7,8,81.5,51.6
"McKernan, Shaun",2020,9,48,31,24,5,6,41,11,4,18,78,49.4
"Hibberd, Mitchell",2020,5,31,7,38,0,2,0,23,3,6,79.8,67.3
"Draper, Sam",2020,8,46,15,20,1,3,148,15,10,15,80.8,63.3
"Fantasia, Orazio",2020,5,27,15,22,1,0,0,6,2,2,78.8,49
"Laverde, Jayden",2020,6,30,20,16,6,3,0,15,3,6,66.7,55.4
"Bellchambers, Tom",2020,7,30,10,11,1,0,139,10,9,7,81.3,56.3
"Heppell, Dyson",2020,3,15,4,25,1,1,0,3,4,2,78,51.7
"Daniher, Joe",2020,4,31,25,7,3,6,2,1,4,8,84,60
"Phillips, Andrew",2020,5,17,8,18,0,1,107,13,5,10,82.2,61.5
"Mosquito, Irving",2020,4,15,9,17,2,4,0,7,1,2,65.3,45.3
"Cahill, Ned",2020,3,8,4,9,2,2,0,3,1,2,77,31.3
"Mutch, Kobe",2020,1,5,4,6,0,0,0,0,0,1,78,45
"Begley, Josh",2020,1,3,2,2,1,0,0,4,1,1,84,48.8
"Brayshaw, Andrew",2020,17,147,49,191,0,3,0,83,18,8,75.4,95.5
"Ryan, Luke",2020,17,251,88,65,0,0,0,20,11,13,91.7,88.2
"Fyfe, Nat",2020,14,130,43,170,10,6,0,42,19,18,82.1,94.5
"Cerra, Adam",2020,17,143,51,152,2,3,0,64,17,17,79.8,82.6
"Mundy, David",2020,16,131,33,159,4,1,0,59,7,9,71,82.1
"Aish, James",2020,16,162,63,103,0,2,0,25,14,4,83,77
"Walters, Michael",2020,14,145,44,102,15,7,0,40,26,10,87.8,91.4
"Serong, Caleb",2020,14,127,32,109,2,1,0,58,11,6,70.1,83.3
"Hughes, Ethan",2020,17,140,79,77,0,0,0,20,11,9,84.2,64.3
"Wilson, Nathan",2020,15,153,50,52,1,1,0,14,9,3,82,64.7
"Conca, Reece",2020,14,140,48,59,0,0,0,38,9,13,84.3,71.8
"Bewley, Brett",2020,12,100,40,74,5,0,0,21,6,1,83.8,71.4
"Lobb, Rory",2020,17,116,63,57,10,6,156,24,15,6,97.2,71
"Duman, Taylin",2020,15,113,46,58,0,0,0,29,10,8,80.4,57.9
"Schultz, Lachie",2020,17,109,61,60,12,7,0,43,15,13,80.9,63
"Taberner, Matthew",2020,16,129,92,37,29,13,8,8,10,12,98,73.3
"Hill, Stephen",2020,12,96,40,61,0,0,0,21,7,6,81.1,62.8
"Cox, Brennan",2020,13,83,51,65,0,0,0,11,10,7,90.5,54.3
"Acres, Blake",2020,7,75,40,59,0,0,0,19,3,7,83,93
"Darcy, Sean",2020,15,42,25,92,5,6,330,26,7,29,77.7,64.6
"Tucker, Darcy",2020,8,68,21,44,4,2,0,26,7,8,69.9,73.1
"Crowden, Mitch",2020,10,50,15,34,6,1,0,47,4,10,77.7,57.8
"Colyer, Travis",2020,9,54,16,26,3,2,0,9,0,3,71.7,42.9
"Frederick, Michael",2020,10,41,18,39,4,6,0,8,4,5,74.4,38.3
"Blakely, Connor",2020,5,26,12,49,0,0,0,12,5,3,58.6,64
"Hogan, Jesse",2020,7,41,37,30,5,4,0,4,3,2,93.7,60.9
"Young, Hayden",2020,5,33,16,17,0,0,0,7,2,1,62.8,52
"Logue, Griffin",2020,5,22,12,27,0,0,0,5,3,1,98.2,44
"Banfield, Bailey",2020,5,26,8,21,2,0,0,18,8,3,81.8,56.8
"Matera, Brandon",2020,5,25,8,6,3,3,0,12,4,3,78,43.8
"Watson, Tobe",2020,3,21,12,9,0,0,0,7,1,0,81.3,60.8
"Sturt, Sam",2020,3,12,7,11,4,0,0,3,2,0,74,48.8
"Henry, Liam",2020,3,16,8,6,1,3,0,4,1,0,72.3,45.8
"McCarthy, Cam",2020,1,8,3,3,0,1,0,1,1,0,69,56.3
"Guthrie, Cameron",2020,21,225,95,222,7,2,0,86,17,18,73.6,104.5
"Menegola, Sam",2020,21,261,118,184,16,5,0,32,3,14,84,100.9
"Dangerfield, Patrick",2020,21,280,78,156,17,17,0,55,34,27,85.1,99.9
"Duncan, Mitch",2020,20,262,123,145,13,8,0,68,13,14,78.5,110.9
"Stewart, Tom",2020,18,263,125,81,0,1,0,23,4,12,79.1,96.3
"Tuohy, Zach",2020,19,234,74,82,8,8,0,17,6,7,83.5,78.8
"Miers, Gryan",2020,21,188,93,97,19,6,0,33,12,8,87.9,76
"Parfitt, Brandan",2020,18,148,31,131,8,6,0,107,13,21,71.3,85.5
"Blicavs, Mark",2020,21,132,70,131,3,1,181,59,22,22,87,75
"Hawkins, Tom",2020,21,172,114,87,49,36,45,40,7,18,95.6,90.5
"Selwood, Joel",2020,15,138,37,120,4,4,0,63,20,20,73.3,83.8
"OConnor, Mark",2020,21,158,87,80,2,0,0,31,11,11,88.4,60.1
"Bews, Jed",2020,20,146,65,72,3,2,0,35,12,10,85.9,57.4
"Dahlhaus, Luke",2020,16,89,44,127,7,0,0,37,7,5,75.4,65.2
"Henry, Jack",2020,21,157,82,48,1,0,0,35,7,19,83.5,54.1
"Taylor, Harry",2020,19,113,61,73,1,0,0,27,13,10,88.1,50.3
"Henderson, Lachie",2020,14,137,90,46,1,0,0,17,3,13,93.5,72.4
"Ablett, Gary",2020,12,97,24,82,9,8,0,27,5,10,82.4,70
"Kolodjashnij, Jake",2020,17,125,77,52,0,3,0,25,2,11,88.7,57.5
"Rohan, Gary",2020,19,123,61,41,22,17,0,36,15,9,83.2,60.2
"Steven, Jack",2020,9,84,33,64,1,2,0,35,12,6,68.3,86.3
"Stanley, Rhys",2020,11,72,32,68,10,5,212,14,12,12,79.6,86
"Simpson, Sam",2020,9,60,23,65,3,2,0,28,7,8,74.2,68.6
"Atkins, Tom",2020,12,43,11,74,4,1,0,38,5,6,74.6,49.4
"Ratugolea, Esava",2020,12,60,32,44,5,5,73,30,14,8,78.8,60.6
"Fogarty, Lachie",2020,6,52,17,29,1,1,0,19,10,3,74.5,72.7
"Close, Brad",2020,8,29,13,41,2,2,0,24,8,1,76.5,50.5
"Narkle, Quinton",2020,5,27,9,30,0,1,0,18,4,4,57.4,58.3
"Fort, Darcy",2020,5,31,9,16,1,0,107,9,3,13,81.4,66.3
"Clark, Jordan",2020,3,24,12,14,1,1,0,9,1,4,70,70
"Constable, Charlie",2020,2,13,4,22,0,1,0,8,2,2,58,77.5
"Guthrie, Zach",2020,3,22,7,10,2,0,0,2,2,3,82.3,50
"Jenkins, Josh",2020,1,8,3,6,0,0,0,4,1,0,87,77.5
"Jarvis, Ben",2020,1,3,3,2,0,1,0,1,0,0,60,33.8
"Miller, Touk",2020,17,177,50,163,3,4,0,88,31,14,82.4,100.7
"Greenwood, Hugh",2020,17,173,27,130,3,4,3,117,16,18,77.1,96.7
"Ellis, Brandon",2020,16,194,68,99,5,3,0,42,13,13,86.4,90.5
"Bowes, Jack",2020,17,195,69,95,1,0,0,30,5,10,82.6,79.6
"Weller, Lachie",2020,17,161,39,126,12,3,0,48,13,9,82.6,81.3
"Anderson, Noah",2020,17,159,48,122,4,4,0,32,10,10,76.1,73.6
"Lukosius, Jack",2020,17,219,62,59,3,3,0,27,8,13,82.8,77.9
"Swallow, David",2020,15,154,54,116,4,10,0,59,8,21,78.2,89.3
"Ainsworth, Ben",2020,16,147,70,80,12,13,0,27,15,9,82.2,77.5
"Powell, Wil",2020,15,102,50,95,2,0,0,25,7,6,76.7,62.3
"Collins, Sam",2020,17,107,74,68,0,0,0,27,18,6,97.6,57.9
"Witts, Jarrod",2020,17,98,37,73,0,3,477,28,18,21,85.8,80.7
"Harbrow, Jarrod",2020,13,118,40,43,0,0,0,13,6,12,83.5,56
"Ballard, Charlie",2020,16,114,68,44,0,0,0,13,7,9,92.4,52
"Day, Sam",2020,17,68,47,79,12,7,54,21,9,16,77.6,50.1
"Budarick, Connor",2020,15,92,35,46,1,0,0,25,9,9,83.4,46.8
"Macpherson, Darcy",2020,12,80,26,58,4,0,0,33,11,8,78.1,60.1
"Rankine, Izak",2020,12,90,26,48,12,17,0,21,12,15,82.5,60.8
"Sexton, Alex",2020,14,103,44,28,19,12,0,22,7,8,83.6,62
"Holman, Nick",2020,12,48,27,73,2,0,0,41,6,11,82.6,54.2
"King, Ben",2020,17,88,48,33,25,20,0,7,12,10,92.5,48.1
"Hanley, Pearce",2020,8,67,30,26,0,1,0,12,4,8,74.9,58.1
"Rowell, Matt",2020,5,38,4,49,6,0,0,26,8,6,63.8,88.5
"Fiorini, Brayden",2020,5,45,18,20,2,0,0,9,2,0,72.2,69.8
"Corbett, Josh",2020,7,45,31,17,3,6,0,7,8,7,79,53.8
"Graham, Caleb",2020,7,36,25,14,0,0,0,2,2,7,84.9,35.7
"Lemmens, Sean",2020,6,29,7,19,4,0,0,9,2,2,57.3,42.1
"Flanders, Sam",2020,5,17,4,14,2,1,0,14,2,2,69.6,39
"Sharp, Jeremy",2020,2,10,4,9,0,0,0,0,1,0,65,38.1
"Brodie, Will",2020,1,4,3,10,0,0,0,1,0,0,67,56.3
"Joyce, Jesse",2020,1,9,3,5,0,0,0,1,0,0,74,62.5
"Farrar, Jy",2020,1,3,2,3,1,0,0,1,0,0,60,38.8
"Whitfield, Lachie",2020,17,224,111,166,1,2,0,34,15,12,86,107.4
"Coniglio, Stephen",2020,16,196,44,141,5,8,0,62,17,19,87.4,97.5
"Hopper, Jacob",2020,17,159,40,168,1,7,0,71,22,18,75.6,88.1
"Kelly, Josh",2020,14,177,42,132,5,8,0,58,16,8,85.5,105.6
"Perryman, Harry",2020,16,170,61,124,11,2,0,32,10,8,82.3,87.7
"Haynes, Nick",2020,17,208,121,64,0,0,0,23,13,7,88.9,88.2
"Taranto, Tim",2020,11,132,30,80,4,3,0,45,11,12,83.7,94.1
"Shaw, Heath",2020,17,162,78,47,3,1,0,38,7,16,87.9,69.4
"Greene, Toby",2020,13,122,52,84,17,11,0,19,8,11,84,82.1
"Daniels, Brent",2020,16,100,31,94,5,8,0,42,7,11,80.4,59.5
"Williams, Zac",2020,11,136,38,50,2,2,0,25,7,7,74.9,82
"Corr, Aidan",2020,15,143,59,37,0,1,0,22,4,6,80.5,62.9
"Cameron, Jeremy",2020,17,121,67,55,24,13,0,24,15,25,90,63.8
"de Boer, Matt",2020,13,58,20,95,2,0,0,46,21,20,81.8,55.9
"Himmelberg, Harry",2020,16,96,43,57,15,4,14,27,14,15,86,55.9
"Ash, Lachie",2020,12,79,31,57,1,0,0,22,5,5,80.9,55
"Finlayson, Jeremy",2020,15,102,38,21,19,10,44,35,10,10,79.1,62.5
"Lloyd, Daniel",2020,12,74,38,49,7,0,0,28,4,9,74.8,58.9
"Keeffe, Lachlan",2020,13,66,47,50,0,0,0,11,4,6,91.1,45.1
"Caldwell, Jye",2020,9,56,27,58,1,2,0,33,4,7,68.2,67.8
"Ward, Callan",2020,7,56,16,48,3,1,1,11,7,4,73.3,66.3
"Green, Tom",2020,6,31,15,60,1,3,0,14,2,3,66.3,65.8
"Davis, Phil",2020,10,42,37,42,0,0,0,12,9,6,83.5,45
"Hately, Jackson",2020,6,47,28,35,0,0,0,14,2,2,76.5,72.3
"Mumford, Shane",2020,10,14,11,66,1,0,206,35,14,28,83.2,61.1
"Kennedy, Adam",2020,6,36,11,32,0,0,0,12,4,3,72.2,51.7
"Jacobs, Sam",2020,7,34,15,23,2,0,172,19,4,3,81.6,80
"Riccardi, Jake",2020,5,37,30,15,9,6,1,2,1,2,87.4,73.8
"Langdon, Zac",2020,7,24,8,27,2,6,0,23,7,7,75.6,43.9
"Hill, Bobby",2020,5,28,10,15,4,5,0,11,3,4,64.4,52
"Cumming, Isaac",2020,3,21,11,14,0,0,0,5,0,1,84.7,58.8
"Taylor, Sam",2020,4,10,11,22,0,0,0,10,5,4,88.8,43.8
"Buckley, Jack",2020,2,11,7,8,0,0,0,5,2,0,81,57.5
"OHalloran, Xavier",2020,2,9,2,10,0,0,0,6,3,0,82.5,50
"Idun, Connor",2020,2,9,5,8,0,0,0,1,2,1,83.5,38.1
"Reid, Sam",2020,3,7,4,10,0,0,0,6,1,2,73,30
"Hutchesson, Tom",2020,1,4,2,3,0,0,0,1,1,0,55,36.3
"Sheridan, Tom",2020,1,4,3,2,0,0,0,1,0,1,77,32.5
"Mitchell, Tom",2020,17,172,52,257,2,1,0,75,20,18,88.3,107.7
"Worpel, James",2020,15,167,39,120,2,7,0,81,11,18,81.1,96.5
"Shiels, Liam",2020,16,162,46,124,6,0,0,55,10,18,79,84.7
"Wingard, Chad",2020,17,145,49,106,18,11,0,61,14,8,85.6,84.3
"OMeara, Jaeger",2020,12,140,35,110,4,4,0,50,6,23,84.4,94.8
"Hardwick, Blake",2020,16,139,45,67,1,0,0,21,2,7,82.8,59.1
"Scrimshaw, Jack",2020,13,121,51,82,0,0,0,23,7,7,76,72.9
"Sicily, James",2020,11,146,62,50,2,1,0,9,12,7,91.8,86.8
"Scully, Tom",2020,14,104,34,86,4,2,0,16,4,10,87.8,58
"Gunston, Jack",2020,16,133,68,48,31,21,0,22,10,9,88.6,76.3
"Smith, Isaac",2020,10,100,35,73,5,2,0,21,2,7,82.2,81
"Day, Will",2020,11,100,48,72,1,1,0,15,10,3,82.7,74.5
"Frost, Sam",2020,16,96,55,68,0,2,0,20,9,16,87.4,49.4
"Morrison, Harry",2020,11,92,38,64,0,1,0,19,5,8,80.3,65.5
"Breust, Luke",2020,13,77,24,64,16,6,0,51,14,13,80.8,68.5
"McEvoy, Ben",2020,16,69,51,72,4,1,161,31,10,8,82.3,62.5
"Burgoyne, Shaun",2020,13,77,26,62,11,2,0,32,3,13,78.2,57
"Ceglar, Jonathon",2020,13,55,29,82,1,0,274,32,14,19,73.8,75.1
"Frawley, James",2020,14,77,41,45,0,0,0,10,6,14,87.9,40
"Stratton, Ben",2020,14,66,41,55,1,0,0,17,7,13,91.6,42.2
"Cousins, James",2020,6,60,20,57,1,3,0,16,5,7,77.7,85.6
"OBrien, Tim",2020,16,82,47,34,12,3,34,28,13,12,82,51
"Henderson, Ricky",2020,7,55,37,50,0,0,0,11,3,1,77.1,75
"Hanrahan, Oliver",2020,7,44,10,31,3,4,0,7,5,4,71.4,47.7
"Puopolo, Paul",2020,6,27,7,27,4,1,0,15,6,2,72.5,50.2
"Howe, Daniel",2020,5,36,16,17,2,0,0,5,3,1,80.2,55.5
"Greaves, Damon",2020,3,35,17,17,0,0,0,5,1,0,82.3,87.9
"Jiath, Changkuoth",2020,5,27,13,21,0,0,0,8,1,5,75,45
"Impey, Jarman",2020,5,22,13,24,2,3,0,9,1,5,75.4,47.5
"Lewis, Mitch",2020,8,28,15,18,5,5,15,5,3,5,75.1,34.8
"Glass, Conor",2020,4,26,13,16,1,0,0,10,0,1,76,60
"Moore, Dylan",2020,3,18,14,22,2,1,0,5,2,0,80,72.9
"Minchington, Darren",2020,4,24,6,15,2,2,0,5,1,1,76.8,47.5
"Patton, Jonathon",2020,6,18,11,11,3,2,5,4,4,6,62.3,28.3
"Hartley, Michael",2020,2,20,3,8,0,0,0,5,1,2,98.5,62.5
"Morris, Josh",2020,4,14,5,9,1,2,0,6,1,2,67.8,31.9
"Nash, Conor",2020,2,11,5,5,0,1,0,0,0,1,78.5,35
"Jones, Harry",2020,1,3,1,8,0,0,0,4,1,3,76,45
"Maginness, Finn",2020,1,2,0,8,0,0,0,5,0,1,77,48.8
"Brooksby, Keegan",2020,1,4,0,1,0,0,10,2,3,2,53,36.3
"Oliver, Clayton",2020,17,195,57,230,3,1,0,92,22,22,83.5,114.6
"Petracca, Christian",2020,17,201,58,199,15,14,0,55,18,16,89.9,108
"Langdon, Ed",2020,17,216,88,125,2,8,0,22,6,12,91.4,91.2
"Viney, Jack",2020,16,166,40,152,5,4,0,67,28,15,80.2,94.3
"Salem, Christian",2020,16,200,64,101,2,0,0,41,4,11,86.4,89.1
"May, Steven",2020,17,210,76,62,1,0,0,14,9,4,94.6,76.5
"Brayshaw, Angus",2020,14,116,40,117,5,6,0,41,4,7,74.7,79
"Gawn, Max",2020,14,142,63,80,1,1,458,35,32,9,92.6,123.7
"Hibberd, Michael",2020,14,135,62,79,1,0,0,14,13,6,81.5,72
"Harmes, James",2020,13,87,30,105,2,2,0,27,8,15,76.4,62.1
"Lever, Jake",2020,17,121,75,57,0,0,0,25,11,9,94.9,57.8
"Fritsch, Bayley",2020,16,128,81,48,22,24,0,17,10,10,81.8,72.4
"Tomlinson, Adam",2020,13,106,56,56,0,1,1,22,2,6,88.9,64.6
"Melksham, Jake",2020,17,110,49,50,15,8,0,23,11,13,84.2,54.3
"Vandenberg, Aaron",2020,12,73,34,69,1,1,0,31,8,14,69.8,57.9
"Rivers, Trent",2020,9,75,28,48,2,2,0,13,11,4,79,65.3
"Pickett, Kysaiah",2020,14,62,17,47,7,13,0,35,5,18,75.6,42.6
"Jones, Nathan",2020,8,50,23,54,1,3,0,13,4,1,72.5,60.8
"Weideman, Sam",2020,13,59,41,41,19,8,0,6,7,8,88.8,49.1
"Lockhart, Jay",2020,10,55,28,33,0,2,0,19,2,5,73.1,47.5
"McDonald, Tom",2020,9,50,29,27,7,1,16,15,8,6,78.9,55.6
"Hannan, Mitch",2020,9,41,21,31,7,3,0,15,8,6,69.6,47.6
"McDonald, Oscar",2020,7,42,17,27,0,0,1,8,1,5,92.6,44.6
"Spargo, Charlie",2020,8,38,19,27,8,1,0,12,3,7,70.1,47.5
"Neal-Bullen, Alex",2020,7,36,14,27,7,0,0,16,1,5,71.3,52.9
"Sparrow, Tom",2020,5,26,9,30,2,1,0,13,3,5,61.8,54.5
"Bennell, Harley",2020,5,26,7,28,3,2,0,5,1,2,68.4,47.5
"Jackson, Luke",2020,6,19,9,33,3,2,29,8,7,3,75.3,47.7
"Baker, Oskar",2020,3,30,8,11,2,0,0,5,3,3,68.7,67.5
"Smith, Joel",2020,7,23,9,15,0,0,0,10,3,6,86,27
"Jetta, Neville",2020,6,14,6,23,0,0,0,8,5,6,69,26
"Hunt, Jayden",2020,6,27,10,8,10,2,0,7,4,2,71.3,44.8
"Wagner, Josh",2020,2,14,5,11,0,0,0,3,1,1,64.5,55.6
"Preuss, Braydon",2020,3,16,6,7,0,0,64,1,5,1,71.7,62.5
"Bedford, Toby",2020,2,6,3,10,0,1,0,4,0,3,61,34.4
"Higgins, Shaun",2020,17,186,63,177,4,1,0,50,14,15,84.7,95.2
"McDonald, Luke",2020,17,209,68,135,0,0,0,44,7,17,90.9,90.7
"Simpkin, Jy",2020,17,171,37,173,6,5,0,63,21,27,77.4,88.5
"Dumont, Trent",2020,17,176,52,166,3,4,0,76,18,8,82.4,98.2
"Anderson, Jed",2020,15,177,41,138,3,4,0,75,21,8,70.3,104.1
"Atley, Shaun",2020,17,132,57,136,1,0,0,25,9,9,87.9,68.2
"Goldstein, Todd",2020,17,105,33,149,6,6,472,35,38,17,92.1,99.5
"Polec, Jared",2020,13,162,42,88,3,3,0,34,12,8,87.5,89.7
"Tarrant, Robbie",2020,16,178,68,72,0,0,0,21,14,15,91.3,73
"Hall, Aaron",2020,15,134,47,85,10,14,0,37,6,8,80.9,76.4
"Walker, Josh",2020,17,107,65,75,3,3,2,19,11,10,85.2,54.9
"Davies-Uniacke, Luke",2020,9,73,19,83,2,0,0,21,6,12,74.1,70.6
"Zurhaar, Cameron",2020,16,102,46,54,18,11,1,38,18,17,85.8,61.8
"Pittard, Jasper",2020,11,105,33,50,4,0,0,17,13,4,87.4,69
"Scott, Bailey",2020,13,81,39,57,8,1,0,29,6,9,81.8,59.4
"Macmillan, Jamie",2020,10,67,27,58,1,0,0,23,15,6,77.3,61.6
"McKay, Ben",2020,11,43,36,59,0,0,2,18,7,6,90.6,47.5
"Williams, Marley",2020,8,69,22,29,0,1,0,13,4,6,77.5,57.8
"Taylor, Curtis",2020,9,51,32,41,5,2,0,14,7,4,82.9,57.5
"Mahony, Jack",2020,10,28,12,56,3,2,0,26,9,5,74.6,43.8
"Hayden, Kyron",2020,8,38,22,41,0,0,0,12,3,7,74.6,45.6
"Vickers-Willis, Ed",2020,6,40,18,32,0,0,0,12,4,4,81.3,57.9
"Wood, Mason",2020,8,38,22,32,3,2,0,10,4,4,81.8,46.3
"Ahern, Paul",2020,6,35,13,28,1,1,0,7,3,1,59,49
"Ziebell, Jack",2020,8,38,25,25,1,7,0,16,3,6,70.4,47
"Brown, Ben",2020,9,49,31,13,8,8,4,6,6,3,88.6,48.2
"Larkey, Nick",2020,10,41,23,21,14,4,0,10,10,8,86.8,43.5
"Bonar, Aiden",2020,6,24,10,29,0,0,0,11,4,3,70.2,41.5
"Cunnington, Ben",2020,3,18,6,35,2,0,1,12,3,2,74,83.3
"Murphy, Tom",2020,5,28,16,19,1,2,0,8,1,0,72.4,52.8
"Thomas, Tarryn",2020,6,24,8,23,3,2,0,19,1,2,63.8,48.5
"Hosie, Lachlan",2020,5,24,12,15,3,1,0,4,4,2,75,42.8
"Daw, Majak",2020,4,17,9,18,3,1,23,8,3,3,74.5,56.9
"Perez, Flynn",2020,3,15,7,13,0,0,0,8,1,2,78.7,49.6
"Walker, Will",2020,2,12,4,14,0,0,0,7,0,3,77.5,59.4
"Garner, Taylor",2020,2,8,5,13,1,0,0,5,1,3,74.5,51.9
"Durdin, Sam",2020,3,11,8,9,0,1,0,2,2,2,82,33.3
"Xerri, Tristan",2020,4,13,5,6,4,0,9,8,4,7,85.3,35.6
"Campbell, Tom",2020,1,3,1,2,0,0,2,0,0,0,73,22.5
"Boak, Travis",2020,19,217,51,219,8,8,0,72,13,7,77.5,103.8
"Wines, Ollie",2020,17,177,30,194,8,5,0,64,23,10,71.9,96.4
"Rockliff, Tom",2020,16,191,36,174,4,3,0,100,19,10,78.9,112.9
"Byrne-Jones, Darcy",2020,19,204,64,117,0,2,0,34,17,7,83.6,77.1
"Gray, Robbie",2020,19,127,40,188,15,7,0,57,12,19,86.9,76.1
"Amon, Karl",2020,19,199,58,107,5,8,0,55,8,15,84.9,79.3
"Houston, Dan",2020,17,211,71,82,1,3,0,49,17,7,83,89
"Hartlett, Hamish",2020,19,174,69,107,2,1,0,53,16,11,82.5,75.7
"Powell-Pepper, Sam",2020,19,123,36,157,7,12,0,77,9,23,73.7,71.9
"Butters, Zak",2020,17,129,55,119,11,6,0,47,12,9,83.5,76.1
"Ebert, Brad",2020,14,131,52,76,11,14,0,55,16,9,81.9,88.4
"Jonas, Tom",2020,19,138,76,68,0,1,0,30,7,14,93.4,56.8
"Rozee, Connor",2020,16,106,40,100,9,9,0,52,6,10,83.2,69.1
"Duursma, Xavier",2020,15,114,52,83,7,3,0,36,16,7,78.6,70.7
"McKenzie, Trent",2020,17,169,75,28,0,2,0,18,14,10,89.8,62.2
"Clurey, Tom",2020,18,135,78,40,0,0,0,18,13,13,89.3,53.1
"Dixon, Charlie",2020,18,110,69,60,34,21,46,30,18,14,94.3,71.1
"Lycett, Scott",2020,15,76,19,89,2,3,352,39,25,12,79.7,81.3
"Motlop, Steven",2020,14,84,33,65,13,2,0,24,4,11,72.6,56.1
"Ladhams, Peter",2020,10,60,21,72,6,2,124,19,17,22,82,72
"Bonner, Riley",2020,9,97,33,25,0,0,0,7,1,8,79.1,61.8
"Westhoff, Justin",2020,12,77,45,45,10,7,42,26,8,8,82.9,68
"Marshall, Todd",2020,14,84,41,27,11,9,3,35,10,5,76.1,57.3
"Farrell, Kane",2020,11,56,21,46,6,9,0,30,2,2,80.2,55
"Burton, Ryan",2020,8,74,30,27,0,1,0,8,0,2,63.9,61.4
"Mayes, Sam",2020,6,50,20,32,1,2,0,17,5,3,83.3,72.1
"Lienert, Jarrod",2020,5,46,10,17,0,0,0,6,3,0,82,57.3
"Georgiades, Mitch",2020,7,39,20,19,8,6,0,14,11,5,76.7,57.3
"Woodcock, Boyd",2020,5,28,12,24,3,3,0,8,2,2,73.8,54.3
"Sutcliffe, Cam",2020,4,18,3,14,1,2,0,6,1,0,69.3,38.8
"Martin, Dustin",2020,20,251,52,162,22,11,1,46,13,22,89.2,94.3
"Short, Jayden",2020,21,297,114,103,0,4,0,27,11,8,79.2,91.5
"Lambert, Kane",2020,20,137,61,175,10,3,0,68,11,14,83.7,78
"Cotchin, Trent",2020,17,176,39,135,1,3,0,55,14,18,72.6,81.2
"Bolton, Shai",2020,19,181,58,120,15,11,0,54,11,22,82.7,80.2
"Baker, Liam",2020,20,166,73,131,1,1,0,39,18,13,77.3,70.1
"Vlastuin, Nick",2020,20,179,95,94,1,0,0,42,14,19,84.7,71.3
"McIntosh, Kamdyn",2020,18,165,68,79,6,4,0,30,9,11,82.1,69
"Houli, Bachar",2020,13,131,48,111,0,1,0,28,6,7,80,82.4
"Graham, Jack",2020,16,110,31,130,2,2,0,72,15,19,78.9,73.7
"Castagna, Jason",2020,21,142,71,96,17,12,0,46,8,8,84.4,66.3
"Pickett, Marlion",2020,19,119,43,113,4,4,0,69,7,13,79.5,64.7
"Grimes, Dylan",2020,20,126,79,71,0,1,0,35,15,12,91.8,54.8
"Rioli, Daniel",2020,18,102,47,94,12,3,0,57,13,8,81,64.4
"Balta, Noah",2020,17,132,65,52,1,1,3,16,11,16,94.5,53.8
"Prestia, Dion",2020,9,85,12,91,4,0,0,35,8,12,78.8,84.6
"Broad, Nathan",2020,16,128,65,47,0,0,1,28,6,7,92.3,60.2
"Riewoldt, Jack",2020,21,136,75,37,33,20,2,27,14,15,92.1,59.8
"Edwards, Shane",2020,10,78,10,94,5,1,0,27,8,6,79.9,72.6
"Lynch, Tom",2020,19,121,67,51,32,27,2,23,17,26,89.9,60.4
"Higgins, Jack",2020,10,89,36,56,5,7,0,17,16,6,82.3,73.8
"Aarts, Jake",2020,14,71,31,64,14,5,0,33,8,18,79.6,54.4
"Nankervis, Toby",2020,11,62,26,64,3,1,186,45,13,17,70.3,84
"Astbury, David",2020,9,73,39,38,0,0,3,17,8,6,86.7,65.7
"Soldo, Ivan",2020,14,52,23,56,2,3,292,38,17,21,67.5,67
"Caddy, Josh",2020,8,56,32,44,2,2,1,14,0,5,75.9,63.8
"Ross, Jack",2020,7,48,14,45,0,0,0,20,5,2,71.6,63.4
"Stack, Sydney",2020,9,30,15,62,2,2,0,26,5,15,70.1,46.8
"Eggmolesse-Smith, Derek",2020,6,53,15,24,0,0,0,13,3,8,70.5,59
"Markov, Oleg",2020,6,47,16,21,0,1,0,6,6,2,80.5,53.3
"Chol, Mabior",2020,11,39,15,27,8,3,66,17,3,7,64.5,43.5
"Dow, Thomson",2020,2,2,2,14,0,0,0,4,0,1,75.5,33.1
"Naish, Patrick",2020,1,3,0,6,0,0,0,3,1,0,86,42.5
"Steele, Jack",2020,19,204,72,213,11,2,0,104,25,13,85.5,113.4
"Billings, Jack",2020,19,205,78,147,11,6,0,47,13,6,86.1,92
"Clark, Hunter",2020,18,188,64,122,1,1,0,46,13,20,81.7,79.4
"Jones, Zak",2020,16,157,47,147,5,8,0,57,14,15,78.3,89.1
"Hill, Bradley",2020,19,201,63,92,2,3,0,27,5,12,84.3,70.3
"Ross, Sebastian",2020,16,146,29,141,2,2,0,45,7,17,80.6,74.8
"Coffield, Nick",2020,18,181,117,93,0,0,0,18,7,8,85,78.8
"Marshall, Rowan",2020,19,192,83,74,13,11,277,41,30,24,85.5,96.1
"Wilkie, Callum",2020,19,178,61,62,0,0,0,22,12,11,88.3,59.7
"Paton, Ben",2020,19,145,82,92,0,0,0,20,15,9,77.3,61.4
"Butler, Dan",2020,19,156,37,51,29,12,0,74,14,15,87.2,74.5
"Howard, Dougal",2020,19,159,76,38,1,1,3,23,9,17,92.2,55.3
"Gresham, Jade",2020,11,111,25,83,7,6,0,21,10,13,76.6,76.9
"Long, Ben",2020,15,90,49,94,0,1,0,30,12,20,82.5,56.5
"Membrey, Tim",2020,18,129,83,55,20,9,3,27,11,9,87,67.4
"Sinclair, Jack",2020,12,98,30,73,0,1,0,30,6,3,78.3,67.5
"Geary, Jarryn",2020,16,83,48,83,5,1,0,28,6,11,80.3,52.7
"Carlisle, Jake",2020,13,107,73,39,0,0,9,17,8,4,90.2,66.4
"Battle, Josh",2020,14,108,52,34,12,9,6,26,10,8,70.4,64.7
"Kent, Dean",2020,15,96,48,46,10,5,0,29,9,6,76.7,58
"Hannebery, Dan",2020,8,67,19,74,1,2,0,13,2,5,68.8,70.8
"King, Max",2020,18,84,57,53,22,20,17,22,10,12,85.1,52.8
"Lonie, Jack",2020,13,95,44,36,12,7,0,28,10,5,81.5,64.9
"Ryder, Paddy",2020,14,79,29,34,10,2,293,35,16,13,72.6,77.1
"Hind, Nick",2020,10,56,17,42,6,5,0,28,6,11,73.1,53.6
"Marsh, Jonathon",2020,6,28,10,25,2,5,2,14,4,2,77.8,49.4
"Phillips, Ed",2020,4,28,16,22,3,0,0,4,2,2,76.3,64.4
"Bytel, Jack",2020,3,9,3,30,0,0,0,8,3,4,67,49.6
"Savage, Shane",2020,2,26,8,5,1,2,0,4,0,0,80.5,85
"Dunstan, Luke",2020,1,13,3,8,0,0,0,9,0,0,81,125
"Parker, Matthew",2020,2,8,1,5,0,2,0,5,2,2,73.5,34.4
"Roberton, Dylan",2020,1,7,1,1,0,0,0,0,0,2,82,25
"Byrnes, Ryan",2020,1,2,0,3,0,0,0,2,1,0,62,26.3
"Lloyd, Jake",2020,17,284,81,155,1,0,0,37,11,5,88.9,114.3
"Parker, Luke",2020,17,190,54,187,6,5,0,84,22,21,86.3,106
"Florent, Oliver",2020,17,180,40,98,4,4,0,43,7,13,81.6,75.3
"Mills, Callum",2020,15,164,77,107,0,1,0,49,18,15,89.3,92.3
"Dawson, Jordan",2020,16,183,60,77,6,7,0,38,13,10,84,82.9
"Cunningham, Harry",2020,17,157,59,96,0,1,0,38,10,5,84.6,72.6
"Kennedy, Josh",2020,12,129,34,119,3,3,0,62,12,8,73.3,102.5
"Rowbottom, James",2020,16,132,22,105,4,4,0,58,17,17,76.9,70.2
"Papley, Tom",2020,17,148,57,52,26,27,0,29,19,16,88.8,72.7
"Clarke, Ryan",2020,10,86,25,79,2,1,0,25,10,5,89.3,74.9
"Blakey, Nick",2020,16,126,36,36,8,13,0,36,15,8,76,58.9
"Hayward, Will",2020,16,87,54,74,10,3,0,37,11,12,84.3,59.1
"Rampe, Dane",2020,11,105,42,56,0,0,0,15,9,15,94.4,65.6
"Fox, Robbie",2020,14,86,30,58,0,0,0,37,10,9,88.6,53.1
"Aliir, Aliir",2020,14,78,45,57,3,1,66,22,4,14,80.5,55.2
"McInerney, Justin",2020,9,60,26,65,5,0,0,13,8,8,81.8,63.1
"McCartin, Tom",2020,14,70,51,49,9,2,3,12,9,13,83.3,48
"Sinclair, Callum",2020,13,64,32,55,3,3,293,33,15,24,81.2,75.7
"Thurlow, Jackson",2020,8,65,27,42,3,2,0,17,4,2,77.5,69.7
"Stephens, Dylan",2020,8,68,27,32,2,3,0,26,6,6,80.4,71.3
"Melican, Lewis",2020,9,52,21,37,0,0,0,14,6,6,84.7,46.8
"Heeney, Isaac",2020,6,53,29,33,7,7,0,15,6,1,87.7,88.3
"Reid, Sam",2020,10,43,38,41,5,6,26,15,3,2,82.5,55.5
"Hewett, George",2020,6,29,11,54,1,0,0,19,2,3,80.7,63.1
"Taylor, Lewis",2020,9,51,22,27,6,5,0,20,4,1,67.9,54.9
"ORiordan, Colin",2020,8,39,20,37,0,0,0,13,3,5,69.5,45.5
"Gray, Sam",2020,7,38,15,37,1,2,0,15,4,1,78.7,53.9
"Bell, James",2020,8,37,13,32,3,2,0,28,7,8,69.8,51.4
"Wicks, Sam",2020,7,31,15,27,3,1,0,32,5,8,77,57.1
"McLean, Hayden",2020,6,24,13,14,5,1,14,15,1,5,78.7,47.9
"Taylor, Elijah",2020,4,17,4,14,1,1,0,2,5,2,68.3,32.8
"Ronke, Ben",2020,3,19,6,10,0,0,0,11,2,3,71.3,55
"Ling, Matt",2020,3,20,5,6,0,0,0,2,1,3,73,36.3
"Stoddart, Ryley",2020,2,16,4,10,0,0,0,3,3,0,71.5,59.4
"Naismith, Sam",2020,2,15,5,4,0,0,53,9,3,2,73.5,96.3
"Brand, Kaiden",2020,2,10,7,8,0,0,0,3,2,0,87,50.6
"Foot, Zac",2020,2,7,6,7,1,0,0,4,1,2,71.5,43.8
"Warner, Chad",2020,2,9,3,5,0,0,0,3,2,2,77,33.8
"Amartey, Joel",2020,1,3,0,0,0,0,8,2,1,2,59,25
"Gaff, Andrew",2020,18,251,81,186,5,4,0,42,15,7,95.4,108.6
"Kelly, Tim",2020,18,208,46,153,5,4,0,75,10,15,83.8,94.9
"Sheed, Dom",2020,17,172,55,164,8,3,0,40,14,16,80.2,87.2
"Sheppard, Brad",2020,18,194,112,92,2,0,0,34,14,7,94.9,86.3
"Duggan, Liam",2020,17,211,98,70,0,2,0,31,8,8,86.9,86.5
"Hurn, Shannon",2020,17,205,87,66,0,0,0,26,7,7,81,80.7
"Shuey, Luke",2020,13,144,33,102,1,1,0,45,11,14,69.5,85.7
"Nelson, Jackson",2020,15,150,61,54,0,0,0,31,7,6,83.3,71.2
"Redden, Jack",2020,13,98,44,106,1,1,0,31,12,8,81.8,72.8
"Ryan, Liam",2020,18,140,66,54,26,16,0,32,13,7,85.4,70.7
"Naitanui, Nic",2020,17,109,13,83,5,4,496,40,21,19,69.5,87.2
"Yeo, Elliot",2020,10,107,22,85,0,1,0,56,5,25,80.4,89
"Barrass, Tom",2020,18,144,94,37,0,0,0,4,12,8,89.9,55
"Darling, Jack",2020,18,112,64,57,30,12,8,35,20,9,96.2,67.7
"Cripps, Jamie",2020,14,94,36,73,9,7,0,45,9,9,88.5,67.8
"Cole, Tom",2020,15,95,48,62,3,0,0,30,14,7,82.7,57
"McGovern, Jeremy",2020,12,114,72,43,0,0,0,14,9,9,78.4,71
"Ah Chee, Brendon",2020,16,77,36,78,6,5,0,26,9,6,77.6,49.3
"Allen, Oscar",2020,15,86,44,46,18,8,66,41,18,8,76,68.5
"Kennedy, Josh",2020,17,96,69,23,34,22,0,16,13,15,82.8,58.8
"Rotham, Josh",2020,10,90,52,17,0,0,0,13,5,4,81.4,63.1
"Waterman, Jake",2020,10,78,51,25,9,2,0,8,6,3,77.2,65.3
"Brander, Jarrod",2020,8,67,36,22,0,1,0,12,3,2,80.5,62.3
"Jetta, Lewis",2020,6,62,22,24,1,2,0,16,1,4,85.2,75.2
"Ainsworth, Brayden",2020,9,44,26,33,3,1,0,12,2,8,78.3,44.6
"ONeill, Xavier",2020,5,25,9,24,1,1,0,9,1,1,66.4,47.8
"Petruccelle, Jack",2020,6,22,9,20,2,5,0,7,2,0,70,37.5
"Cameron, Jarrod",2020,5,16,5,8,2,1,0,11,2,9,64,27.8
"Hutchings, Mark",2020,3,15,5,9,0,0,0,4,0,0,59,39.2
"Schofield, Will",2020,4,12,3,10,0,0,0,8,2,5,87.8,26.3
"Jones, Jamaine",2020,2,13,5,8,0,1,0,8,4,2,79,63.1
"Reid, Nic",2020,3,8,1,13,1,1,0,8,1,2,67.7,36.3
"Williams, Bailey",2020,3,10,5,11,1,1,24,5,2,4,70,45
"Hickey, Tom",2020,3,6,5,10,0,0,42,3,0,2,58,42.1
"Brayshaw, Hamish",2020,1,3,1,2,0,1,0,1,1,0,58,27.5
"Edwards, Harry",2020,1,2,0,1,0,0,0,0,0,0,26,10
"Foley, Luke",2020,1,3,2,0,0,0,0,1,0,0,73,23.8
"Macrae, Jack",2020,18,206,50,269,3,3,7,71,29,10,85.1,112.3
"Smith, Bailey",2020,18,190,30,192,6,9,0,45,7,11,77.3,86.3
"Bontempelli, Marcus",2020,18,211,59,164,11,7,1,88,15,23,86.2,104.9
"Daniel, Caleb",2020,18,225,59,138,3,2,0,42,10,9,84.3,90.2
"Liberatore, Tom",2020,16,150,31,182,5,3,0,57,12,20,79.8,87.5
"Williams, Bailey",2020,18,202,82,96,3,2,0,24,12,9,84.2,79.5
"Johannisen, Jason",2020,17,165,66,102,6,5,0,29,7,3,81.9,77.4
"Hunter, Lachie",2020,10,137,54,116,4,8,0,24,11,6,87.2,115.8
"English, Tim",2020,18,129,77,113,8,11,287,39,18,18,87.6,91
"Dunkley, Josh",2020,12,85,28,134,6,5,12,71,10,9,80.3,96.6
"Lipinski, Patrick",2020,13,90,32,121,5,4,0,30,6,7,80.7,71.8
"Crozier, Hayden",2020,15,154,59,55,2,2,0,40,15,11,80.7,75.4
"Richards, Ed",2020,17,93,24,90,6,7,0,34,12,10,78.7,50.9
"Keath, Alex",2020,18,113,70,66,1,1,0,15,12,8,95.4,51.1
"Wallis, Mitch",2020,18,83,42,83,25,14,0,32,20,7,81.6,57.8
"McLean, Toby",2020,12,57,16,108,6,4,0,45,13,10,76.7,66.5
"Bruce, Josh",2020,17,55,47,81,14,8,19,28,10,15,87.8,48.2
"Wood, Easton",2020,13,79,50,45,0,0,0,19,7,8,77.9,51.5
"Cordy, Zaine",2020,14,86,40,32,0,0,5,20,8,5,89.6,46.4
"Vandermeer, Laitham",2020,12,72,31,45,9,9,0,26,7,11,69.8,56.3
"Naughton, Aaron",2020,12,46,42,38,15,6,0,9,4,6,76.7,47.7
"Dale, Bailey",2020,9,48,20,35,7,3,0,13,6,5,79.4,50.3
"Lloyd, Sam",2020,9,47,26,30,7,5,0,20,8,4,75.1,55.8
"Gardner, Ryan",2020,10,41,27,35,0,0,0,13,0,10,95.2,37
"Smith, Roarke",2020,6,29,12,41,2,1,0,8,2,2,77,51.3
"Suckling, Matt",2020,7,47,26,22,3,0,0,2,7,6,65.6,49.6
"West, Rhylee",2020,4,23,12,25,1,0,0,7,3,4,79.3,56.3
"Duryea, Taylor",2020,3,35,13,12,0,0,0,9,2,0,79.3,85.8
"Jong, Lin",2020,3,12,10,29,0,1,1,9,2,5,71.7,62.1
"Butler, Louis",2020,2,24,6,6,0,1,0,1,0,2,83,63.1
"Cavarra, Ben",2020,3,15,5,10,4,3,0,8,1,2,72,55.8
"Gowers, Billy",2020,3,12,3,9,0,2,0,3,1,4,74,27.5
"Hayes, Will",2020,2,7,2,13,0,0,0,6,0,1,70.5,46.3
"Weightman, Cody",2020,3,11,4,7,3,1,0,4,3,2,70.7,37.9
"Young, Lachie",2020,2,11,2,7,1,0,0,4,1,0,82,47.5
"Schache, Josh",2020,2,8,3,5,2,0,0,0,1,1,75,33.1
"Porter, Callum",2020,1,4,0,5,0,0,0,4,1,3,56,37.5
"Trengove, Jackson",2020,1,2,1,6,0,0,3,4,2,1,68,48.8
"Young, Lewis",2020,1,3,3,1,0,1,1,0,0,3,69,16.3
